-- MariaDB dump 10.19  Distrib 10.4.32-MariaDB, for Win64 (AMD64)
--
-- Host: localhost    Database: sisiwaka_touen
-- ------------------------------------------------------
-- Server version	10.4.32-MariaDB

/*!40101 SET @OLD_CHARACTER_SET_CLIENT=@@CHARACTER_SET_CLIENT */;
/*!40101 SET @OLD_CHARACTER_SET_RESULTS=@@CHARACTER_SET_RESULTS */;
/*!40101 SET @OLD_COLLATION_CONNECTION=@@COLLATION_CONNECTION */;
/*!40101 SET NAMES utf8mb4 */;
/*!40103 SET @OLD_TIME_ZONE=@@TIME_ZONE */;
/*!40103 SET TIME_ZONE='+00:00' */;
/*!40014 SET @OLD_UNIQUE_CHECKS=@@UNIQUE_CHECKS, UNIQUE_CHECKS=0 */;
/*!40014 SET @OLD_FOREIGN_KEY_CHECKS=@@FOREIGN_KEY_CHECKS, FOREIGN_KEY_CHECKS=0 */;
/*!40101 SET @OLD_SQL_MODE=@@SQL_MODE, SQL_MODE='NO_AUTO_VALUE_ON_ZERO' */;
/*!40111 SET @OLD_SQL_NOTES=@@SQL_NOTES, SQL_NOTES=0 */;

--
-- Table structure for table `artwork_media`
--

DROP TABLE IF EXISTS `artwork_media`;
/*!40101 SET @saved_cs_client     = @@character_set_client */;
/*!40101 SET character_set_client = utf8 */;
CREATE TABLE `artwork_media` (
  `id` int(11) NOT NULL AUTO_INCREMENT,
  `artwork_id` int(11) NOT NULL,
  `kind` enum('image','video') NOT NULL,
  `image_url` varchar(500) NOT NULL,
  `video_url` varchar(500) DEFAULT NULL,
  `alt_ja` varchar(255) DEFAULT NULL,
  `alt_en` varchar(255) DEFAULT NULL,
  `sort_order` int(11) NOT NULL DEFAULT 0,
  `valid` tinyint(1) NOT NULL DEFAULT 1,
  PRIMARY KEY (`id`),
  KEY `fk_artwork_media_artwork` (`artwork_id`)
) ENGINE=InnoDB AUTO_INCREMENT=5791 DEFAULT CHARSET=utf8mb4 COLLATE=utf8mb4_unicode_ci;
/*!40101 SET character_set_client = @saved_cs_client */;

--
-- Dumping data for table `artwork_media`
--

LOCK TABLES `artwork_media` WRITE;
/*!40000 ALTER TABLE `artwork_media` DISABLE KEYS */;
INSERT INTO `artwork_media` VALUES (5423,1,'image','https://storage.googleapis.com/sisiwaka-touen-medias/001/001_01%E6%89%8B%E6%8C%81%E3%81%A1.jpg',NULL,NULL,NULL,1,1),(5424,1,'image','https://storage.googleapis.com/sisiwaka-touen-medias/001/001_02%E5%8F%B3.jpg',NULL,NULL,NULL,1,1),(5425,1,'image','https://storage.googleapis.com/sisiwaka-touen-medias/001/001_03%E6%AD%A3%E9%9D%A2.jpg',NULL,NULL,NULL,1,1),(5426,1,'image','https://storage.googleapis.com/sisiwaka-touen-medias/001/001_04%E5%B7%A6.jpg',NULL,NULL,NULL,1,1),(5427,1,'image','https://storage.googleapis.com/sisiwaka-touen-medias/001/001_05%E5%8F%96%E3%81%A3%E6%89%8B.jpg',NULL,NULL,NULL,1,1),(5428,1,'image','https://storage.googleapis.com/sisiwaka-touen-medias/001/001_06%E8%A6%8B%E8%BE%BC%E3%81%BF.jpg',NULL,NULL,NULL,1,1),(5429,1,'image','https://storage.googleapis.com/sisiwaka-touen-medias/001/001_07%E8%A3%8F.jpg',NULL,NULL,NULL,1,1),(5430,1,'image','https://storage.googleapis.com/sisiwaka-touen-medias/001/001_08%E5%A4%96%E5%81%B4%E6%8B%A1%E5%A4%A7.jpg',NULL,NULL,NULL,1,1),(5431,1,'image','https://storage.googleapis.com/sisiwaka-touen-medias/001/001_09%E5%86%85%E5%81%B4%E6%8B%A1%E5%A4%A7.jpg',NULL,NULL,NULL,1,1),(5432,1,'image','https://storage.googleapis.com/sisiwaka-touen-medias/001/001_10%E9%AB%98%E5%8F%B0%E6%8B%A1%E5%A4%A7.jpg',NULL,NULL,NULL,1,1),(5433,1,'video','https://storage.googleapis.com/sisiwaka-touen-medias/001/001_%E9%BB%92%E4%BA%80.jpg','https://storage.googleapis.com/sisiwaka-touen-medias/001/001_%E9%BB%92%E4%BA%80.mp4',NULL,NULL,1,1),(5434,3,'image','https://storage.googleapis.com/sisiwaka-touen-medias/003/003_01%E6%89%8B%E6%8C%81%E3%81%A1.jpg',NULL,NULL,NULL,3,1),(5435,3,'image','https://storage.googleapis.com/sisiwaka-touen-medias/003/003_02%E5%B7%A6.jpg',NULL,NULL,NULL,3,1),(5436,3,'image','https://storage.googleapis.com/sisiwaka-touen-medias/003/003_03%E6%AD%A3%E9%9D%A2.jpg',NULL,NULL,NULL,3,1),(5437,3,'image','https://storage.googleapis.com/sisiwaka-touen-medias/003/003_04%E5%8F%B3.jpg',NULL,NULL,NULL,3,1),(5438,3,'image','https://storage.googleapis.com/sisiwaka-touen-medias/003/003_05%E5%8F%96%E3%81%A3%E6%89%8B.jpg',NULL,NULL,NULL,3,1),(5439,3,'image','https://storage.googleapis.com/sisiwaka-touen-medias/003/003_06%E6%8B%A1%E5%A4%A7.jpg',NULL,NULL,NULL,3,1),(5440,3,'image','https://storage.googleapis.com/sisiwaka-touen-medias/003/003_07%E5%8F%96%E3%81%A3%E6%89%8B%E5%81%B4%E6%8B%A1%E5%A4%A7.jpg',NULL,NULL,NULL,3,1),(5441,3,'image','https://storage.googleapis.com/sisiwaka-touen-medias/003/003_08%E8%A6%8B%E8%BE%BC%E3%81%BF.jpg',NULL,NULL,NULL,3,1),(5442,3,'image','https://storage.googleapis.com/sisiwaka-touen-medias/003/003_09%E8%A6%8B%E8%BE%BC%E3%81%BF%E6%8B%A1%E5%A4%A7.jpg',NULL,NULL,NULL,3,1),(5443,3,'image','https://storage.googleapis.com/sisiwaka-touen-medias/003/003_10%E8%A3%8F.jpg',NULL,NULL,NULL,3,1),(5444,3,'image','https://storage.googleapis.com/sisiwaka-touen-medias/003/003_11%E8%B6%B3.jpg',NULL,NULL,NULL,3,1),(5445,3,'video','https://storage.googleapis.com/sisiwaka-touen-medias/003/003_%E5%8D%81%E4%BA%8C%E5%88%BB.jpg','https://storage.googleapis.com/sisiwaka-touen-medias/003/003_%E5%8D%81%E4%BA%8C%E5%88%BB.mp4',NULL,NULL,3,1),(5446,7,'image','https://storage.googleapis.com/sisiwaka-touen-medias/007/007_01%E6%89%8B%E6%8C%81%E3%81%A1.jpg',NULL,NULL,NULL,7,1),(5447,7,'image','https://storage.googleapis.com/sisiwaka-touen-medias/007/007_02%E6%89%8B%E6%8C%81%E3%81%A12.jpg',NULL,NULL,NULL,7,1),(5448,7,'image','https://storage.googleapis.com/sisiwaka-touen-medias/007/007_03%E5%85%A8%E4%BD%93.jpg',NULL,NULL,NULL,7,1),(5449,7,'image','https://storage.googleapis.com/sisiwaka-touen-medias/007/007_04%E6%96%9C%E3%82%81%E4%B8%8A.jpg',NULL,NULL,NULL,7,1),(5450,7,'image','https://storage.googleapis.com/sisiwaka-touen-medias/007/007_05%E3%81%82%E3%81%8A%E3%82%8A.jpg',NULL,NULL,NULL,7,1),(5451,7,'image','https://storage.googleapis.com/sisiwaka-touen-medias/007/007_06%E6%8B%A1%E5%A4%A7.jpg',NULL,NULL,NULL,7,1),(5452,7,'image','https://storage.googleapis.com/sisiwaka-touen-medias/007/007_07%E8%A6%8B%E8%BE%BC%E3%81%BF.jpg',NULL,NULL,NULL,7,1),(5453,7,'image','https://storage.googleapis.com/sisiwaka-touen-medias/007/007_08%E8%A3%8F.jpg',NULL,NULL,NULL,7,1),(5454,7,'image','https://storage.googleapis.com/sisiwaka-touen-medias/007/007_09%E8%B6%B3.jpg',NULL,NULL,NULL,7,1),(5455,7,'video','https://storage.googleapis.com/sisiwaka-touen-medias/007/007_%E7%8E%84%E6%AD%A6%E7%9A%BF.jpg','https://storage.googleapis.com/sisiwaka-touen-medias/007/007_%E7%8E%84%E6%AD%A6%E7%9A%BF.mp4',NULL,NULL,7,1),(5456,8,'image','https://storage.googleapis.com/sisiwaka-touen-medias/008/008_01%E6%89%8B%E6%8C%81%E3%81%A1.jpg',NULL,NULL,NULL,8,1),(5457,8,'image','https://storage.googleapis.com/sisiwaka-touen-medias/008/008_02%E5%8F%B3.jpg',NULL,NULL,NULL,8,1),(5458,8,'image','https://storage.googleapis.com/sisiwaka-touen-medias/008/008_03%E6%AD%A3%E9%9D%A2.jpg',NULL,NULL,NULL,8,1),(5459,8,'image','https://storage.googleapis.com/sisiwaka-touen-medias/008/008_04%E5%B7%A6.jpg',NULL,NULL,NULL,8,1),(5460,8,'image','https://storage.googleapis.com/sisiwaka-touen-medias/008/008_05%E5%8F%96%E3%81%A3%E6%89%8B.jpg',NULL,NULL,NULL,8,1),(5461,8,'image','https://storage.googleapis.com/sisiwaka-touen-medias/008/008_06%E6%8B%A1%E5%A4%A7.jpg',NULL,NULL,NULL,8,1),(5462,8,'image','https://storage.googleapis.com/sisiwaka-touen-medias/008/008_07%E5%8F%96%E3%81%A3%E6%89%8B%E8%A3%8F.jpg',NULL,NULL,NULL,8,1),(5463,8,'image','https://storage.googleapis.com/sisiwaka-touen-medias/008/008_08%E5%8F%96%E3%81%A3%E6%89%8B%E6%8B%A1%E5%A4%A7.jpg',NULL,NULL,NULL,8,1),(5464,8,'image','https://storage.googleapis.com/sisiwaka-touen-medias/008/008_09%E8%A6%8B%E8%BE%BC%E3%81%BF.jpg',NULL,NULL,NULL,8,1),(5465,8,'image','https://storage.googleapis.com/sisiwaka-touen-medias/008/008_10%E8%A6%8B%E8%BE%BC%E3%81%BF%E6%8B%A1%E5%A4%A7.jpg',NULL,NULL,NULL,8,1),(5466,8,'image','https://storage.googleapis.com/sisiwaka-touen-medias/008/008_11%E8%A3%8F.jpg',NULL,NULL,NULL,8,1),(5467,8,'video','https://storage.googleapis.com/sisiwaka-touen-medias/008/008_%E3%82%A2%E3%83%AB%E3%83%9E%E3%82%B8%E3%83%AD.jpg','https://storage.googleapis.com/sisiwaka-touen-medias/008/008_%E3%82%A2%E3%83%AB%E3%83%9E%E3%82%B8%E3%83%AD.mp4',NULL,NULL,8,1),(5468,20,'image','https://storage.googleapis.com/sisiwaka-touen-medias/020/020_01%E6%89%8B%E6%8C%81%E3%81%A1.jpg',NULL,NULL,NULL,20,1),(5469,20,'image','https://storage.googleapis.com/sisiwaka-touen-medias/020/020_02%E5%8F%B3.jpg',NULL,NULL,NULL,20,1),(5470,20,'image','https://storage.googleapis.com/sisiwaka-touen-medias/020/020_02%E6%AD%A3%E9%9D%A2.jpg',NULL,NULL,NULL,20,1),(5471,20,'image','https://storage.googleapis.com/sisiwaka-touen-medias/020/020_03%E5%B7%A6.jpg',NULL,NULL,NULL,20,1),(5472,20,'image','https://storage.googleapis.com/sisiwaka-touen-medias/020/020_04%E5%8F%96%E3%81%A3%E6%89%8B.jpg',NULL,NULL,NULL,20,1),(5473,20,'image','https://storage.googleapis.com/sisiwaka-touen-medias/020/020_05%E6%8B%A1%E5%A4%A7.jpg',NULL,NULL,NULL,20,1),(5474,20,'image','https://storage.googleapis.com/sisiwaka-touen-medias/020/020_06%E8%A6%8B%E8%BE%BC%E3%81%BF.jpg',NULL,NULL,NULL,20,1),(5475,20,'image','https://storage.googleapis.com/sisiwaka-touen-medias/020/020_07%E8%A6%8B%E8%BE%BC%E3%81%BF%E6%8B%A1%E5%A4%A7.jpg',NULL,NULL,NULL,20,1),(5476,20,'image','https://storage.googleapis.com/sisiwaka-touen-medias/020/020_08%E8%A3%8F.jpg',NULL,NULL,NULL,20,1),(5477,20,'image','https://storage.googleapis.com/sisiwaka-touen-medias/020/020_09%E8%B6%B3%E6%8B%A1%E5%A4%A7.jpg',NULL,NULL,NULL,20,1),(5478,20,'video','https://storage.googleapis.com/sisiwaka-touen-medias/020/020_%E8%B5%AB%E8%80%80%E3%81%AE%E7%A7%98%E5%85%89.jpg','https://storage.googleapis.com/sisiwaka-touen-medias/020/020_%E8%B5%AB%E8%80%80%E3%81%AE%E7%A7%98%E5%85%89.mp4',NULL,NULL,20,1),(5479,21,'image','https://storage.googleapis.com/sisiwaka-touen-medias/021/021_01%E6%89%8B%E6%8C%81%E3%81%A1.jpg',NULL,NULL,NULL,21,1),(5480,21,'image','https://storage.googleapis.com/sisiwaka-touen-medias/021/021_02%E5%B7%A6.jpg',NULL,NULL,NULL,21,1),(5481,21,'image','https://storage.googleapis.com/sisiwaka-touen-medias/021/021_03%E6%AD%A3%E9%9D%A2.jpg',NULL,NULL,NULL,21,1),(5482,21,'image','https://storage.googleapis.com/sisiwaka-touen-medias/021/021_04%E5%8F%B3.jpg',NULL,NULL,NULL,21,1),(5483,21,'image','https://storage.googleapis.com/sisiwaka-touen-medias/021/021_05%E5%8F%96%E3%81%A3%E6%89%8B.jpg',NULL,NULL,NULL,21,1),(5484,21,'image','https://storage.googleapis.com/sisiwaka-touen-medias/021/021_06%E6%8B%A1%E5%A4%A7%E6%AD%A3%E9%9D%A2.jpg',NULL,NULL,NULL,21,1),(5485,21,'image','https://storage.googleapis.com/sisiwaka-touen-medias/021/021_07%E6%8B%A1%E5%A4%A7%E5%8F%96%E3%81%A3%E6%89%8B.jpg',NULL,NULL,NULL,21,1),(5486,21,'image','https://storage.googleapis.com/sisiwaka-touen-medias/021/021_08%E8%A6%8B%E8%BE%BC%E3%81%BF.jpg',NULL,NULL,NULL,21,1),(5487,21,'image','https://storage.googleapis.com/sisiwaka-touen-medias/021/021_09%E5%BA%95.jpg',NULL,NULL,NULL,21,1),(5488,21,'video','https://storage.googleapis.com/sisiwaka-touen-medias/021/021_%E3%83%A2%E3%82%A2%E3%83%AC.jpg','https://storage.googleapis.com/sisiwaka-touen-medias/021/021_%E3%83%A2%E3%82%A2%E3%83%AC.mp4',NULL,NULL,21,1),(5489,22,'image','https://storage.googleapis.com/sisiwaka-touen-medias/022/022_01%E6%89%8B%E6%8C%81%E3%81%A1.jpg',NULL,NULL,NULL,22,1),(5490,22,'image','https://storage.googleapis.com/sisiwaka-touen-medias/022/022_02%E5%8F%B3.jpg',NULL,NULL,NULL,22,1),(5491,22,'image','https://storage.googleapis.com/sisiwaka-touen-medias/022/022_03%E6%AD%A3%E9%9D%A2.jpg',NULL,NULL,NULL,22,1),(5492,22,'image','https://storage.googleapis.com/sisiwaka-touen-medias/022/022_04%E5%8F%96%E3%81%A3%E6%89%8B%E5%81%B4.jpg',NULL,NULL,NULL,22,1),(5493,22,'image','https://storage.googleapis.com/sisiwaka-touen-medias/022/022_05%E8%A6%8B%E8%BE%BC%E3%81%BF.jpg',NULL,NULL,NULL,22,1),(5494,22,'image','https://storage.googleapis.com/sisiwaka-touen-medias/022/022_06%E5%BA%95.jpg',NULL,NULL,NULL,22,1),(5495,22,'image','https://storage.googleapis.com/sisiwaka-touen-medias/022/022_07%E6%8B%A1%E5%A4%A71.jpg',NULL,NULL,NULL,22,1),(5496,22,'image','https://storage.googleapis.com/sisiwaka-touen-medias/022/022_08%E6%8B%A1%E5%A4%A72.jpg',NULL,NULL,NULL,22,1),(5497,22,'video','https://storage.googleapis.com/sisiwaka-touen-medias/022/022_%E9%9B%B2%E6%B5%B7%E3%81%AE%E3%83%94%E3%83%A9%E3%83%9F%E3%83%83%E3%83%89.jpg','https://storage.googleapis.com/sisiwaka-touen-medias/022/022_%E9%9B%B2%E6%B5%B7%E3%81%AE%E3%83%94%E3%83%A9%E3%83%9F%E3%83%83%E3%83%89.mp4',NULL,NULL,22,1),(5498,25,'image','https://storage.googleapis.com/sisiwaka-touen-medias/025/025_01%E6%89%8B%E6%8C%81%E3%81%A1.jpg',NULL,NULL,NULL,25,1),(5499,25,'image','https://storage.googleapis.com/sisiwaka-touen-medias/025/025_02%E6%AD%A3%E9%9D%A21.jpg',NULL,NULL,NULL,25,1),(5500,25,'image','https://storage.googleapis.com/sisiwaka-touen-medias/025/025_03%E6%AD%A3%E9%9D%A22.jpg',NULL,NULL,NULL,25,1),(5501,25,'image','https://storage.googleapis.com/sisiwaka-touen-medias/025/025_04%E8%A6%8B%E8%BE%BC%E3%81%BF.jpg',NULL,NULL,NULL,25,1),(5502,25,'image','https://storage.googleapis.com/sisiwaka-touen-medias/025/025_05%E8%A6%8B%E8%BE%BC%E3%81%BF%E6%8B%A1%E5%A4%A7.jpg',NULL,NULL,NULL,25,1),(5503,25,'image','https://storage.googleapis.com/sisiwaka-touen-medias/025/025_06%E5%BA%95%E9%9D%A2.jpg',NULL,NULL,NULL,25,1),(5504,25,'image','https://storage.googleapis.com/sisiwaka-touen-medias/025/025_07%E5%BA%95%E9%9D%A2%E6%8B%A1%E5%A4%A7.jpg',NULL,NULL,NULL,25,1),(5505,25,'video','https://storage.googleapis.com/sisiwaka-touen-medias/025/025_%E7%BF%A0%E7%B4%85%E7%A2%97.jpg','https://storage.googleapis.com/sisiwaka-touen-medias/025/025_%E7%BF%A0%E7%B4%85%E7%A2%97.mp4',NULL,NULL,25,1),(5506,26,'image','https://storage.googleapis.com/sisiwaka-touen-medias/026/026_01%E6%89%8B%E6%8C%81%E3%81%A1.jpg',NULL,NULL,NULL,26,1),(5507,26,'image','https://storage.googleapis.com/sisiwaka-touen-medias/026/026_02%E5%8F%B3.jpg',NULL,NULL,NULL,26,1),(5508,26,'image','https://storage.googleapis.com/sisiwaka-touen-medias/026/026_03%E6%AD%A3%E9%9D%A2.jpg',NULL,NULL,NULL,26,1),(5509,26,'image','https://storage.googleapis.com/sisiwaka-touen-medias/026/026_04%E5%B7%A6.jpg',NULL,NULL,NULL,26,1),(5510,26,'image','https://storage.googleapis.com/sisiwaka-touen-medias/026/026_05%E5%8F%96%E3%81%A3%E6%89%8B.jpg',NULL,NULL,NULL,26,1),(5511,26,'image','https://storage.googleapis.com/sisiwaka-touen-medias/026/026_06%E8%A6%8B%E8%BE%BC%E3%81%BF.jpg',NULL,NULL,NULL,26,1),(5512,26,'image','https://storage.googleapis.com/sisiwaka-touen-medias/026/026_07%E5%BA%95.jpg',NULL,NULL,NULL,26,1),(5513,26,'image','https://storage.googleapis.com/sisiwaka-touen-medias/026/026_08%E8%B6%B3.jpg',NULL,NULL,NULL,26,1),(5514,26,'image','https://storage.googleapis.com/sisiwaka-touen-medias/026/026_09%E7%AB%8B%E3%81%A1%E5%A7%BF.jpg',NULL,NULL,NULL,26,1),(5515,26,'video','https://storage.googleapis.com/sisiwaka-touen-medias/026/026_%E7%9B%AE%E8%A6%9A%E3%82%81%E3%81%AE%E3%83%95%E3%82%AF%E3%83%AD%E3%82%A6.jpg','https://storage.googleapis.com/sisiwaka-touen-medias/026/026_%E7%9B%AE%E8%A6%9A%E3%82%81%E3%81%AE%E3%83%95%E3%82%AF%E3%83%AD%E3%82%A6.mp4',NULL,NULL,26,1),(5516,27,'image','https://storage.googleapis.com/sisiwaka-touen-medias/027/027_01%E6%89%8B%E6%8C%81%E3%81%A1.jpg',NULL,NULL,NULL,27,1),(5517,27,'image','https://storage.googleapis.com/sisiwaka-touen-medias/027/027_02%E5%8F%B3.jpg',NULL,NULL,NULL,27,1),(5518,27,'image','https://storage.googleapis.com/sisiwaka-touen-medias/027/027_03%E6%AD%A3%E9%9D%A2.jpg',NULL,NULL,NULL,27,1),(5519,27,'image','https://storage.googleapis.com/sisiwaka-touen-medias/027/027_04%E5%B7%A6.jpg',NULL,NULL,NULL,27,1),(5520,27,'image','https://storage.googleapis.com/sisiwaka-touen-medias/027/027_05%E8%A6%8B%E8%BE%BC%E3%81%BF.jpg',NULL,NULL,NULL,27,1),(5521,27,'image','https://storage.googleapis.com/sisiwaka-touen-medias/027/027_06%E5%BA%95.jpg',NULL,NULL,NULL,27,1),(5522,27,'image','https://storage.googleapis.com/sisiwaka-touen-medias/027/027_07%E7%AB%8B%E3%81%A1%E5%A7%BF.jpg',NULL,NULL,NULL,27,1),(5523,27,'image','https://storage.googleapis.com/sisiwaka-touen-medias/027/027_08%E6%8E%A5%E5%86%99.jpg',NULL,NULL,NULL,27,1),(5524,27,'video','https://storage.googleapis.com/sisiwaka-touen-medias/027/027_%E7%91%AA%E7%91%99%E7%92%B0.jpg','https://storage.googleapis.com/sisiwaka-touen-medias/027/027_%E7%91%AA%E7%91%99%E7%92%B0.mp4',NULL,NULL,27,1),(5525,28,'image','https://storage.googleapis.com/sisiwaka-touen-medias/028/028_01%E6%89%8B%E6%8C%81%E3%81%A1.jpg',NULL,NULL,NULL,28,1),(5526,28,'image','https://storage.googleapis.com/sisiwaka-touen-medias/028/028_02%E5%B7%A6.jpg',NULL,NULL,NULL,28,1),(5527,28,'image','https://storage.googleapis.com/sisiwaka-touen-medias/028/028_03%E6%AD%A3%E9%9D%A2.jpg',NULL,NULL,NULL,28,1),(5528,28,'image','https://storage.googleapis.com/sisiwaka-touen-medias/028/028_04%E5%8F%B3.jpg',NULL,NULL,NULL,28,1),(5529,28,'image','https://storage.googleapis.com/sisiwaka-touen-medias/028/028_05%E5%8F%96%E3%81%A3%E6%89%8B.jpg',NULL,NULL,NULL,28,1),(5530,28,'image','https://storage.googleapis.com/sisiwaka-touen-medias/028/028_06%E8%A6%8B%E8%BE%BC%E3%81%BF.jpg',NULL,NULL,NULL,28,1),(5531,28,'image','https://storage.googleapis.com/sisiwaka-touen-medias/028/028_07%E5%BA%95.jpg',NULL,NULL,NULL,28,1),(5532,28,'image','https://storage.googleapis.com/sisiwaka-touen-medias/028/028_08%E7%AB%8B%E3%81%A1%E5%A7%BF.jpg',NULL,NULL,NULL,28,1),(5533,28,'image','https://storage.googleapis.com/sisiwaka-touen-medias/028/028_09%E8%B6%B3.jpg',NULL,NULL,NULL,28,1),(5534,28,'video','https://storage.googleapis.com/sisiwaka-touen-medias/028/028_%E7%91%AA%E7%91%99%E6%99%B6.jpg','https://storage.googleapis.com/sisiwaka-touen-medias/028/028_%E7%91%AA%E7%91%99%E6%99%B6.mp4',NULL,NULL,28,1),(5535,29,'image','https://storage.googleapis.com/sisiwaka-touen-medias/029/029_01%E6%89%8B%E6%8C%81%E3%81%A1.jpg',NULL,NULL,NULL,29,1),(5536,29,'image','https://storage.googleapis.com/sisiwaka-touen-medias/029/029_02%E5%B7%A6.jpg',NULL,NULL,NULL,29,1),(5537,29,'image','https://storage.googleapis.com/sisiwaka-touen-medias/029/029_03%E6%AD%A3%E9%9D%A2.jpg',NULL,NULL,NULL,29,1),(5538,29,'image','https://storage.googleapis.com/sisiwaka-touen-medias/029/029_04%E5%8F%B3.jpg',NULL,NULL,NULL,29,1),(5539,29,'image','https://storage.googleapis.com/sisiwaka-touen-medias/029/029_05%E5%8F%96%E3%81%A3%E6%89%8B.jpg',NULL,NULL,NULL,29,1),(5540,29,'image','https://storage.googleapis.com/sisiwaka-touen-medias/029/029_06%E8%A6%8B%E8%BE%BC%E3%81%BF.jpg',NULL,NULL,NULL,29,1),(5541,29,'image','https://storage.googleapis.com/sisiwaka-touen-medias/029/029_07%E5%BA%95.jpg',NULL,NULL,NULL,29,1),(5542,29,'image','https://storage.googleapis.com/sisiwaka-touen-medias/029/029_08%E8%84%9A.jpg',NULL,NULL,NULL,29,1),(5543,29,'image','https://storage.googleapis.com/sisiwaka-touen-medias/029/029_09%E7%AB%8B%E3%81%A1%E5%A7%BF.jpg',NULL,NULL,NULL,29,1),(5544,29,'video','https://storage.googleapis.com/sisiwaka-touen-medias/029/029_%E7%91%AA%E7%91%99%E5%A2%A8.jpg','https://storage.googleapis.com/sisiwaka-touen-medias/029/029_%E7%91%AA%E7%91%99%E5%A2%A8.mp4',NULL,NULL,29,1),(5545,30,'image','https://storage.googleapis.com/sisiwaka-touen-medias/030/030_01%E6%AD%A3%E9%9D%A21.jpg',NULL,NULL,NULL,30,1),(5546,30,'image','https://storage.googleapis.com/sisiwaka-touen-medias/030/030_03%E6%AD%A3%E9%9D%A23.jpg',NULL,NULL,NULL,30,1),(5547,30,'image','https://storage.googleapis.com/sisiwaka-touen-medias/030/030_04%E8%A6%8B%E8%BE%BC%E3%81%BF.jpg',NULL,NULL,NULL,30,1),(5548,30,'image','https://storage.googleapis.com/sisiwaka-touen-medias/030/030_05%E6%8E%A5%E5%86%99.jpg',NULL,NULL,NULL,30,1),(5549,30,'image','https://storage.googleapis.com/sisiwaka-touen-medias/030/030_06%E6%AD%A3%E9%9D%A24.jpg',NULL,NULL,NULL,30,1),(5550,30,'image','https://storage.googleapis.com/sisiwaka-touen-medias/030/030_07%E8%A3%8F.jpg',NULL,NULL,NULL,30,1),(5551,30,'image','https://storage.googleapis.com/sisiwaka-touen-medias/030/030_08%E6%89%8B%E6%8C%81%E3%81%A1.jpg',NULL,NULL,NULL,30,1),(5552,30,'video','https://storage.googleapis.com/sisiwaka-touen-medias/030/030_%E9%9B%AA%E5%A2%A8%E5%B3%B0.jpg','https://storage.googleapis.com/sisiwaka-touen-medias/030/030_%E9%9B%AA%E5%A2%A8%E5%B3%B0.mp4',NULL,NULL,30,1),(5553,33,'image','https://storage.googleapis.com/sisiwaka-touen-medias/033/033_01%E6%89%8B%E6%8C%81%E3%81%A1.jpg',NULL,NULL,NULL,33,1),(5554,33,'image','https://storage.googleapis.com/sisiwaka-touen-medias/033/033_02%E5%B7%A6.jpg',NULL,NULL,NULL,33,1),(5555,33,'image','https://storage.googleapis.com/sisiwaka-touen-medias/033/033_03%E6%AD%A3%E9%9D%A2.jpg',NULL,NULL,NULL,33,1),(5556,33,'image','https://storage.googleapis.com/sisiwaka-touen-medias/033/033_04%E5%8F%B3.jpg',NULL,NULL,NULL,33,1),(5557,33,'image','https://storage.googleapis.com/sisiwaka-touen-medias/033/033_05%E5%8F%96%E3%81%A3%E6%89%8B.jpg',NULL,NULL,NULL,33,1),(5558,33,'image','https://storage.googleapis.com/sisiwaka-touen-medias/033/033_06%E8%A6%8B%E8%BE%BC%E3%81%BF.jpg',NULL,NULL,NULL,33,1),(5559,33,'image','https://storage.googleapis.com/sisiwaka-touen-medias/033/033_07%E5%BA%95.jpg',NULL,NULL,NULL,33,1),(5560,33,'video','https://storage.googleapis.com/sisiwaka-touen-medias/033/033_%E9%A2%A8%E6%B4%9E%E5%AE%9F%E9%A8%93.jpg','https://storage.googleapis.com/sisiwaka-touen-medias/033/033_%E9%A2%A8%E6%B4%9E%E5%AE%9F%E9%A8%93.mp4',NULL,NULL,33,1),(5561,34,'image','https://storage.googleapis.com/sisiwaka-touen-medias/034/034_01%E6%89%8B%E6%8C%81%E3%81%A1.jpg',NULL,NULL,NULL,34,1),(5562,34,'image','https://storage.googleapis.com/sisiwaka-touen-medias/034/034_02%E5%B7%A6.jpg',NULL,NULL,NULL,34,1),(5563,34,'image','https://storage.googleapis.com/sisiwaka-touen-medias/034/034_03%E6%AD%A3%E9%9D%A2.jpg',NULL,NULL,NULL,34,1),(5564,34,'image','https://storage.googleapis.com/sisiwaka-touen-medias/034/034_04%E5%8F%B3.jpg',NULL,NULL,NULL,34,1),(5565,34,'image','https://storage.googleapis.com/sisiwaka-touen-medias/034/034_05%E5%8F%96%E3%81%A3%E6%89%8B.jpg',NULL,NULL,NULL,34,1),(5566,34,'image','https://storage.googleapis.com/sisiwaka-touen-medias/034/034_06%E8%A6%8B%E8%BE%BC%E3%81%BF.jpg',NULL,NULL,NULL,34,1),(5567,34,'image','https://storage.googleapis.com/sisiwaka-touen-medias/034/034_07%E5%BA%95.jpg',NULL,NULL,NULL,34,1),(5568,34,'image','https://storage.googleapis.com/sisiwaka-touen-medias/034/034_08%E6%8B%A1%E5%A4%A7.jpg',NULL,NULL,NULL,34,1),(5569,34,'video','https://storage.googleapis.com/sisiwaka-touen-medias/034/034_%E7%89%A1%E8%A0%A3%E3%81%AE%E7%BE%A4%E7%94%9F.jpg','https://storage.googleapis.com/sisiwaka-touen-medias/034/034_%E7%89%A1%E8%A0%A3%E3%81%AE%E7%BE%A4%E7%94%9F.mp4',NULL,NULL,34,1),(5570,35,'image','https://storage.googleapis.com/sisiwaka-touen-medias/035/035_01%E6%89%8B%E6%8C%81%E3%81%A1.jpg',NULL,NULL,NULL,35,1),(5571,35,'image','https://storage.googleapis.com/sisiwaka-touen-medias/035/035_02%E5%B7%A6.jpg',NULL,NULL,NULL,35,1),(5572,35,'image','https://storage.googleapis.com/sisiwaka-touen-medias/035/035_03%E6%AD%A3%E9%9D%A2.jpg',NULL,NULL,NULL,35,1),(5573,35,'image','https://storage.googleapis.com/sisiwaka-touen-medias/035/035_04%E5%8F%B3.jpg',NULL,NULL,NULL,35,1),(5574,35,'image','https://storage.googleapis.com/sisiwaka-touen-medias/035/035_05%E5%8F%96%E3%81%A3%E6%89%8B.jpg',NULL,NULL,NULL,35,1),(5575,35,'image','https://storage.googleapis.com/sisiwaka-touen-medias/035/035_06%E8%A6%8B%E8%BE%BC%E3%81%BF.jpg',NULL,NULL,NULL,35,1),(5576,35,'image','https://storage.googleapis.com/sisiwaka-touen-medias/035/035_07%E5%BA%95.jpg',NULL,NULL,NULL,35,1),(5577,35,'image','https://storage.googleapis.com/sisiwaka-touen-medias/035/035_08%E5%81%B4%E9%9D%A2%E6%8B%A1%E5%A4%A7.jpg',NULL,NULL,NULL,35,1),(5578,35,'image','https://storage.googleapis.com/sisiwaka-touen-medias/035/035_09%E5%81%B4%E9%9D%A2%E6%8B%A1%E5%A4%A7.jpg',NULL,NULL,NULL,35,1),(5579,35,'image','https://storage.googleapis.com/sisiwaka-touen-medias/035/035_10%E5%8F%96%E3%81%A3%E6%89%8B%E8%A3%8F.jpg',NULL,NULL,NULL,35,1),(5580,35,'image','https://storage.googleapis.com/sisiwaka-touen-medias/035/035_11%E5%8F%A3%E6%8B%A1%E5%A4%A7.jpg',NULL,NULL,NULL,35,1),(5581,35,'image','https://storage.googleapis.com/sisiwaka-touen-medias/035/035_12%E9%AB%98%E5%8F%B0%E6%8B%A1%E5%A4%A7.jpg',NULL,NULL,NULL,35,1),(5582,35,'video','https://storage.googleapis.com/sisiwaka-touen-medias/035/035_%E5%9C%9F%E3%81%AE%E3%83%AA%E3%82%BA%E3%83%A0.jpg','https://storage.googleapis.com/sisiwaka-touen-medias/035/035_%E5%9C%9F%E3%81%AE%E3%83%AA%E3%82%BA%E3%83%A0.mp4',NULL,NULL,35,1),(5583,36,'image','https://storage.googleapis.com/sisiwaka-touen-medias/036/036_01%E6%89%8B%E6%8C%81%E3%81%A1.jpg',NULL,NULL,NULL,36,1),(5584,36,'image','https://storage.googleapis.com/sisiwaka-touen-medias/036/036_02%E5%B7%A6.jpg',NULL,NULL,NULL,36,1),(5585,36,'image','https://storage.googleapis.com/sisiwaka-touen-medias/036/036_03%E5%B7%A6%E6%8B%A1%E5%A4%A7.jpg',NULL,NULL,NULL,36,1),(5586,36,'image','https://storage.googleapis.com/sisiwaka-touen-medias/036/036_04%E6%AD%A3%E9%9D%A2.jpg',NULL,NULL,NULL,36,1),(5587,36,'image','https://storage.googleapis.com/sisiwaka-touen-medias/036/036_05%E6%AD%A3%E9%9D%A2%E6%8B%A1%E5%A4%A7.jpg',NULL,NULL,NULL,36,1),(5588,36,'image','https://storage.googleapis.com/sisiwaka-touen-medias/036/036_06%E5%8F%B3.jpg',NULL,NULL,NULL,36,1),(5589,36,'image','https://storage.googleapis.com/sisiwaka-touen-medias/036/036_07%E5%8F%B3%E6%8B%A1%E5%A4%A7.jpg',NULL,NULL,NULL,36,1),(5590,36,'image','https://storage.googleapis.com/sisiwaka-touen-medias/036/036_08%E5%8F%96%E3%81%A3%E6%89%8B.jpg',NULL,NULL,NULL,36,1),(5591,36,'image','https://storage.googleapis.com/sisiwaka-touen-medias/036/036_09%E5%8F%96%E3%81%A3%E6%89%8B%E6%8B%A1%E5%A4%A7.jpg',NULL,NULL,NULL,36,1),(5592,36,'image','https://storage.googleapis.com/sisiwaka-touen-medias/036/036_10%E8%A6%8B%E8%BE%BC%E3%81%BF.jpg',NULL,NULL,NULL,36,1),(5593,36,'image','https://storage.googleapis.com/sisiwaka-touen-medias/036/036_11%E8%A6%8B%E8%BE%BC%E3%81%BF%E6%8B%A1%E5%A4%A7.jpg',NULL,NULL,NULL,36,1),(5594,36,'image','https://storage.googleapis.com/sisiwaka-touen-medias/036/036_12%E8%A3%8F.jpg',NULL,NULL,NULL,36,1),(5595,36,'image','https://storage.googleapis.com/sisiwaka-touen-medias/036/036_13%E8%B6%B3%E6%8B%A1%E5%A4%A7.jpg',NULL,NULL,NULL,36,1),(5596,36,'video','https://storage.googleapis.com/sisiwaka-touen-medias/036/036_%E5%A4%A7%E5%9C%B0%E3%81%AE%E9%BC%93%E5%8B%95.jpg','https://storage.googleapis.com/sisiwaka-touen-medias/036/036_%E5%A4%A7%E5%9C%B0%E3%81%AE%E9%BC%93%E5%8B%95.mp4',NULL,NULL,36,1),(5597,37,'image','https://storage.googleapis.com/sisiwaka-touen-medias/037/037_01%E6%89%8B%E6%8C%81%E3%81%A1.jpg',NULL,NULL,NULL,37,1),(5598,37,'image','https://storage.googleapis.com/sisiwaka-touen-medias/037/037_02%E5%8F%B3.jpg',NULL,NULL,NULL,37,1),(5599,37,'image','https://storage.googleapis.com/sisiwaka-touen-medias/037/037_03%E6%AD%A3%E9%9D%A2.jpg',NULL,NULL,NULL,37,1),(5600,37,'image','https://storage.googleapis.com/sisiwaka-touen-medias/037/037_04%E5%B7%A6.jpg',NULL,NULL,NULL,37,1),(5601,37,'image','https://storage.googleapis.com/sisiwaka-touen-medias/037/037_05%E5%8F%96%E3%81%A3%E6%89%8B.jpg',NULL,NULL,NULL,37,1),(5602,37,'image','https://storage.googleapis.com/sisiwaka-touen-medias/037/037_06%E5%B7%A6%E6%8B%A1%E5%A4%A7.jpg',NULL,NULL,NULL,37,1),(5603,37,'image','https://storage.googleapis.com/sisiwaka-touen-medias/037/037_07%E6%AD%A3%E9%9D%A2%E6%8B%A1%E5%A4%A7.jpg',NULL,NULL,NULL,37,1),(5604,37,'image','https://storage.googleapis.com/sisiwaka-touen-medias/037/037_08%E5%8F%96%E3%81%A3%E6%89%8B%E3%81%AE%E8%A3%8F.jpg',NULL,NULL,NULL,37,1),(5605,37,'image','https://storage.googleapis.com/sisiwaka-touen-medias/037/037_09%E8%A6%8B%E8%BE%BC%E3%81%BF.jpg',NULL,NULL,NULL,37,1),(5606,37,'image','https://storage.googleapis.com/sisiwaka-touen-medias/037/037_10%E8%A6%8B%E8%BE%BC%E3%81%BF%E6%8B%A1%E5%A4%A7.jpg',NULL,NULL,NULL,37,1),(5607,37,'image','https://storage.googleapis.com/sisiwaka-touen-medias/037/037_11%E5%BA%95.jpg',NULL,NULL,NULL,37,1),(5608,37,'image','https://storage.googleapis.com/sisiwaka-touen-medias/037/037_12%E8%B6%B3%E6%8B%A1%E5%A4%A7.jpg',NULL,NULL,NULL,37,1),(5609,37,'video','https://storage.googleapis.com/sisiwaka-touen-medias/037/037_%E3%83%9B%E3%83%AF%E3%82%A4%E3%83%88%E3%82%BF%E3%82%A4%E3%82%AC%E3%83%BC.jpg','https://storage.googleapis.com/sisiwaka-touen-medias/037/037_%E3%83%9B%E3%83%AF%E3%82%A4%E3%83%88%E3%82%BF%E3%82%A4%E3%82%AC%E3%83%BC.mp4',NULL,NULL,37,1),(5610,38,'image','https://storage.googleapis.com/sisiwaka-touen-medias/038/038_01%E6%89%8B%E6%8C%81%E3%81%A1.jpg',NULL,NULL,NULL,38,1),(5611,38,'image','https://storage.googleapis.com/sisiwaka-touen-medias/038/038_02%E5%81%B4%E9%9D%A21.jpg',NULL,NULL,NULL,38,1),(5612,38,'image','https://storage.googleapis.com/sisiwaka-touen-medias/038/038_03%E5%81%B4%E9%9D%A22.jpg',NULL,NULL,NULL,38,1),(5613,38,'image','https://storage.googleapis.com/sisiwaka-touen-medias/038/038_04%E5%81%B4%E9%9D%A23.jpg',NULL,NULL,NULL,38,1),(5614,38,'image','https://storage.googleapis.com/sisiwaka-touen-medias/038/038_05%E5%81%B4%E9%9D%A24.jpg',NULL,NULL,NULL,38,1),(5615,38,'image','https://storage.googleapis.com/sisiwaka-touen-medias/038/038_06%E5%AF%84%E3%82%8A1.jpg',NULL,NULL,NULL,38,1),(5616,38,'image','https://storage.googleapis.com/sisiwaka-touen-medias/038/038_07%E5%AF%84%E3%82%8A2.jpg',NULL,NULL,NULL,38,1),(5617,38,'image','https://storage.googleapis.com/sisiwaka-touen-medias/038/038_08%E5%AF%84%E3%82%8A3.jpg',NULL,NULL,NULL,38,1),(5618,38,'image','https://storage.googleapis.com/sisiwaka-touen-medias/038/038_09%E5%AF%84%E3%82%8A4.jpg',NULL,NULL,NULL,38,1),(5619,38,'image','https://storage.googleapis.com/sisiwaka-touen-medias/038/038_10%E8%A6%8B%E8%BE%BC%E3%81%BF.jpg',NULL,NULL,NULL,38,1),(5620,38,'image','https://storage.googleapis.com/sisiwaka-touen-medias/038/038_11%E8%A6%8B%E8%BE%BC%E3%81%BF%E6%8B%A1%E5%A4%A7.jpg',NULL,NULL,NULL,38,1),(5621,38,'image','https://storage.googleapis.com/sisiwaka-touen-medias/038/038_12%E8%A3%8F.jpg',NULL,NULL,NULL,38,1),(5622,38,'image','https://storage.googleapis.com/sisiwaka-touen-medias/038/038_13%E8%B6%B3.jpg',NULL,NULL,NULL,38,1),(5623,38,'video','https://storage.googleapis.com/sisiwaka-touen-medias/038/038_%E9%B6%89%E5%B8%AF.jpg','https://storage.googleapis.com/sisiwaka-touen-medias/038/038_%E9%B6%89%E5%B8%AF.mp4',NULL,NULL,38,1),(5624,39,'image','https://storage.googleapis.com/sisiwaka-touen-medias/039/039_01%E6%89%8B%E6%8C%81%E3%81%A1.jpg',NULL,NULL,NULL,39,1),(5625,39,'image','https://storage.googleapis.com/sisiwaka-touen-medias/039/039_02%E5%B7%A6.jpg',NULL,NULL,NULL,39,1),(5626,39,'image','https://storage.googleapis.com/sisiwaka-touen-medias/039/039_03%E6%AD%A3%E9%9D%A2.jpg',NULL,NULL,NULL,39,1),(5627,39,'image','https://storage.googleapis.com/sisiwaka-touen-medias/039/039_04%E5%8F%B3.jpg',NULL,NULL,NULL,39,1),(5628,39,'image','https://storage.googleapis.com/sisiwaka-touen-medias/039/039_05%E5%8F%96%E3%81%A3%E6%89%8B.jpg',NULL,NULL,NULL,39,1),(5629,39,'image','https://storage.googleapis.com/sisiwaka-touen-medias/039/039_06%E5%B7%A6%E6%8B%A1%E5%A4%A7.jpg',NULL,NULL,NULL,39,1),(5630,39,'image','https://storage.googleapis.com/sisiwaka-touen-medias/039/039_07%E6%AD%A3%E9%9D%A2%E6%8B%A1%E5%A4%A7.jpg',NULL,NULL,NULL,39,1),(5631,39,'image','https://storage.googleapis.com/sisiwaka-touen-medias/039/039_08%E5%8F%B3%E6%8B%A1%E5%A4%A7.jpg',NULL,NULL,NULL,39,1),(5632,39,'image','https://storage.googleapis.com/sisiwaka-touen-medias/039/039_09%E5%8F%96%E3%81%A3%E6%89%8B%E6%8B%A1%E5%A4%A7.jpg',NULL,NULL,NULL,39,1),(5633,39,'image','https://storage.googleapis.com/sisiwaka-touen-medias/039/039_10%E8%A6%8B%E8%BE%BC%E3%81%BF.jpg',NULL,NULL,NULL,39,1),(5634,39,'image','https://storage.googleapis.com/sisiwaka-touen-medias/039/039_11%E8%A3%8F.jpg',NULL,NULL,NULL,39,1),(5635,39,'image','https://storage.googleapis.com/sisiwaka-touen-medias/039/039_12%E8%84%9A.jpg',NULL,NULL,NULL,39,1),(5636,39,'video','https://storage.googleapis.com/sisiwaka-touen-medias/039/039_%E5%87%AA%E3%81%AE%E6%99%82%E9%96%93.jpg','https://storage.googleapis.com/sisiwaka-touen-medias/039/039_%E5%87%AA%E3%81%AE%E6%99%82%E9%96%93.mp4',NULL,NULL,39,1),(5637,40,'image','https://storage.googleapis.com/sisiwaka-touen-medias/040/040_01%E6%89%8B%E6%8C%81%E3%81%A1.jpg',NULL,NULL,NULL,40,1),(5638,40,'image','https://storage.googleapis.com/sisiwaka-touen-medias/040/040_02_%E5%8F%B3.jpg',NULL,NULL,NULL,40,1),(5639,40,'image','https://storage.googleapis.com/sisiwaka-touen-medias/040/040_03%E6%AD%A3%E9%9D%A2.jpg',NULL,NULL,NULL,40,1),(5640,40,'image','https://storage.googleapis.com/sisiwaka-touen-medias/040/040_04%E5%B7%A6.jpg',NULL,NULL,NULL,40,1),(5641,40,'image','https://storage.googleapis.com/sisiwaka-touen-medias/040/040_05%E5%8F%96%E3%81%A3%E6%89%8B.jpg',NULL,NULL,NULL,40,1),(5642,40,'image','https://storage.googleapis.com/sisiwaka-touen-medias/040/040_06%E6%8B%A1%E5%A4%A701.jpg',NULL,NULL,NULL,40,1),(5643,40,'image','https://storage.googleapis.com/sisiwaka-touen-medias/040/040_07%E6%8B%A1%E5%A4%A702.jpg',NULL,NULL,NULL,40,1),(5644,40,'image','https://storage.googleapis.com/sisiwaka-touen-medias/040/040_08%E6%8B%A1%E5%A4%A703.jpg',NULL,NULL,NULL,40,1),(5645,40,'image','https://storage.googleapis.com/sisiwaka-touen-medias/040/040_09%E6%8B%A1%E5%A4%A704.jpg',NULL,NULL,NULL,40,1),(5646,40,'image','https://storage.googleapis.com/sisiwaka-touen-medias/040/040_10%E5%8F%96%E3%81%A3%E6%89%8B%E6%8B%A1%E5%A4%A7.jpg',NULL,NULL,NULL,40,1),(5647,40,'image','https://storage.googleapis.com/sisiwaka-touen-medias/040/040_11%E8%A6%8B%E8%BE%BC%E3%81%BF.jpg',NULL,NULL,NULL,40,1),(5648,40,'image','https://storage.googleapis.com/sisiwaka-touen-medias/040/040_12%E8%A3%8F.jpg',NULL,NULL,NULL,40,1),(5649,40,'image','https://storage.googleapis.com/sisiwaka-touen-medias/040/040_13%E8%B6%B3.jpg',NULL,NULL,NULL,40,1),(5650,40,'video','https://storage.googleapis.com/sisiwaka-touen-medias/040/040_%E5%A2%A8%E6%B5%81%E3%81%97.jpg','https://storage.googleapis.com/sisiwaka-touen-medias/040/040_%E5%A2%A8%E6%B5%81%E3%81%97.mp4',NULL,NULL,40,1),(5651,42,'image','https://storage.googleapis.com/sisiwaka-touen-medias/042/042_01%E6%89%8B%E6%8C%81%E3%81%A1.jpg',NULL,NULL,NULL,42,1),(5652,42,'image','https://storage.googleapis.com/sisiwaka-touen-medias/042/042_02%E5%8F%B3.jpg',NULL,NULL,NULL,42,1),(5653,42,'image','https://storage.googleapis.com/sisiwaka-touen-medias/042/042_03%E6%AD%A3%E9%9D%A2.jpg',NULL,NULL,NULL,42,1),(5654,42,'image','https://storage.googleapis.com/sisiwaka-touen-medias/042/042_04%E5%B7%A6.jpg',NULL,NULL,NULL,42,1),(5655,42,'image','https://storage.googleapis.com/sisiwaka-touen-medias/042/042_05%E6%8B%A1%E5%A4%A71.jpg',NULL,NULL,NULL,42,1),(5656,42,'image','https://storage.googleapis.com/sisiwaka-touen-medias/042/042_06%E6%8B%A1%E5%A4%A72.jpg',NULL,NULL,NULL,42,1),(5657,42,'image','https://storage.googleapis.com/sisiwaka-touen-medias/042/042_07%E6%8B%A1%E5%A4%A73.jpg',NULL,NULL,NULL,42,1),(5658,42,'image','https://storage.googleapis.com/sisiwaka-touen-medias/042/042_08%E8%A6%8B%E8%BE%BC%E3%81%BF.jpg',NULL,NULL,NULL,42,1),(5659,42,'image','https://storage.googleapis.com/sisiwaka-touen-medias/042/042_09%E8%A3%8F.jpg',NULL,NULL,NULL,42,1),(5660,42,'image','https://storage.googleapis.com/sisiwaka-touen-medias/042/042_10%E8%B6%B3.jpg',NULL,NULL,NULL,42,1),(5661,42,'video','https://storage.googleapis.com/sisiwaka-touen-medias/042/042_%E5%86%AC%E3%81%AE%E3%83%A2%E3%83%A2%E3%83%B3%E3%82%AC.jpg','https://storage.googleapis.com/sisiwaka-touen-medias/042/042_%E5%86%AC%E3%81%AE%E3%83%A2%E3%83%A2%E3%83%B3%E3%82%AC.mp4',NULL,NULL,42,1),(5662,43,'image','https://storage.googleapis.com/sisiwaka-touen-medias/043/043_01%E6%89%8B%E6%8C%81%E3%81%A1.jpg',NULL,NULL,NULL,43,1),(5663,43,'image','https://storage.googleapis.com/sisiwaka-touen-medias/043/043_02%E6%AD%A3%E9%9D%A201.jpg',NULL,NULL,NULL,43,1),(5664,43,'image','https://storage.googleapis.com/sisiwaka-touen-medias/043/043_03%E6%AD%A3%E9%9D%A202.jpg',NULL,NULL,NULL,43,1),(5665,43,'image','https://storage.googleapis.com/sisiwaka-touen-medias/043/043_04%E6%AD%A3%E9%9D%A203.jpg',NULL,NULL,NULL,43,1),(5666,43,'image','https://storage.googleapis.com/sisiwaka-touen-medias/043/043_05%E6%AD%A3%E9%9D%A204.jpg',NULL,NULL,NULL,43,1),(5667,43,'image','https://storage.googleapis.com/sisiwaka-touen-medias/043/043_06%E6%8B%A1%E5%A4%A701.jpg',NULL,NULL,NULL,43,1),(5668,43,'image','https://storage.googleapis.com/sisiwaka-touen-medias/043/043_07%E6%8B%A1%E5%A4%A702.jpg',NULL,NULL,NULL,43,1),(5669,43,'image','https://storage.googleapis.com/sisiwaka-touen-medias/043/043_08%E6%8B%A1%E5%A4%A703.jpg',NULL,NULL,NULL,43,1),(5670,43,'image','https://storage.googleapis.com/sisiwaka-touen-medias/043/043_09%E6%8B%A1%E5%A4%A704.jpg',NULL,NULL,NULL,43,1),(5671,43,'image','https://storage.googleapis.com/sisiwaka-touen-medias/043/043_10%E6%8B%A1%E5%A4%A705.jpg',NULL,NULL,NULL,43,1),(5672,43,'image','https://storage.googleapis.com/sisiwaka-touen-medias/043/043_11%E8%A6%8B%E8%BE%BC%E3%81%BF01.jpg',NULL,NULL,NULL,43,1),(5673,43,'image','https://storage.googleapis.com/sisiwaka-touen-medias/043/043_12%E8%A6%8B%E8%BE%BC%E3%81%BF02.jpg',NULL,NULL,NULL,43,1),(5674,43,'image','https://storage.googleapis.com/sisiwaka-touen-medias/043/043_13%E8%A3%8F01.jpg',NULL,NULL,NULL,43,1),(5675,43,'image','https://storage.googleapis.com/sisiwaka-touen-medias/043/043_14%E8%A3%8F02.jpg',NULL,NULL,NULL,43,1),(5676,43,'image','https://storage.googleapis.com/sisiwaka-touen-medias/043/043_15%E8%A3%8F03.jpg',NULL,NULL,NULL,43,1),(5677,43,'video','https://storage.googleapis.com/sisiwaka-touen-medias/043/043_%E5%8D%98%E8%AA%BF%E4%BD%9C%E6%A5%AD1.jpg','https://storage.googleapis.com/sisiwaka-touen-medias/043/043_%E5%8D%98%E8%AA%BF%E4%BD%9C%E6%A5%AD1.mp4',NULL,NULL,43,1),(5678,43,'video','https://storage.googleapis.com/sisiwaka-touen-medias/043/043_%E5%8D%98%E8%AA%BF%E4%BD%9C%E6%A5%AD2.jpg','https://storage.googleapis.com/sisiwaka-touen-medias/043/043_%E5%8D%98%E8%AA%BF%E4%BD%9C%E6%A5%AD2.mp4',NULL,NULL,43,1),(5679,44,'image','https://storage.googleapis.com/sisiwaka-touen-medias/044/044_01%E6%89%8B%E6%8C%81%E3%81%A1.jpg',NULL,NULL,NULL,44,1),(5680,44,'image','https://storage.googleapis.com/sisiwaka-touen-medias/044/044_02%E6%AD%A3%E9%9D%A21.jpg',NULL,NULL,NULL,44,1),(5681,44,'image','https://storage.googleapis.com/sisiwaka-touen-medias/044/044_03%E6%AD%A3%E9%9D%A22.jpg',NULL,NULL,NULL,44,1),(5682,44,'image','https://storage.googleapis.com/sisiwaka-touen-medias/044/044_04%E6%AD%A3%E9%9D%A23.jpg',NULL,NULL,NULL,44,1),(5683,44,'image','https://storage.googleapis.com/sisiwaka-touen-medias/044/044_05%E6%8B%A1%E5%A4%A71.jpg',NULL,NULL,NULL,44,1),(5684,44,'image','https://storage.googleapis.com/sisiwaka-touen-medias/044/044_06%E6%8B%A1%E5%A4%A72.jpg',NULL,NULL,NULL,44,1),(5685,44,'image','https://storage.googleapis.com/sisiwaka-touen-medias/044/044_07%E8%A6%8B%E8%BE%BC%E3%81%BF.jpg',NULL,NULL,NULL,44,1),(5686,44,'image','https://storage.googleapis.com/sisiwaka-touen-medias/044/044_08%E8%A6%8B%E8%BE%BC%E3%81%BF2.jpg',NULL,NULL,NULL,44,1),(5687,44,'image','https://storage.googleapis.com/sisiwaka-touen-medias/044/044_09%E8%A3%8F%E6%AD%A3%E9%9D%A2.jpg',NULL,NULL,NULL,44,1),(5688,44,'image','https://storage.googleapis.com/sisiwaka-touen-medias/044/044_10%E8%A3%8F%E6%96%9C%E3%82%81.jpg',NULL,NULL,NULL,44,1),(5689,44,'image','https://storage.googleapis.com/sisiwaka-touen-medias/044/044_11%E8%B6%B3.jpg',NULL,NULL,NULL,44,1),(5690,44,'video','https://storage.googleapis.com/sisiwaka-touen-medias/044/044_%E3%82%A4%E3%82%BD%E3%82%AE%E3%83%B3%E3%83%81%E3%83%A3%E3%82%AF.jpg','https://storage.googleapis.com/sisiwaka-touen-medias/044/044_%E3%82%A4%E3%82%BD%E3%82%AE%E3%83%B3%E3%83%81%E3%83%A3%E3%82%AF.mp4',NULL,NULL,44,1),(5691,45,'image','https://storage.googleapis.com/sisiwaka-touen-medias/045/045_01%E6%89%8B%E6%8C%81%E3%81%A1.jpg',NULL,NULL,NULL,45,1),(5692,45,'image','https://storage.googleapis.com/sisiwaka-touen-medias/045/045_02%E5%8F%B3.jpg',NULL,NULL,NULL,45,1),(5693,45,'image','https://storage.googleapis.com/sisiwaka-touen-medias/045/045_03%E6%AD%A3%E9%9D%A2.jpg',NULL,NULL,NULL,45,1),(5694,45,'image','https://storage.googleapis.com/sisiwaka-touen-medias/045/045_04%E5%B7%A6.jpg',NULL,NULL,NULL,45,1),(5695,45,'image','https://storage.googleapis.com/sisiwaka-touen-medias/045/045_05%E5%8F%96%E3%81%A3%E6%89%8B.jpg',NULL,NULL,NULL,45,1),(5696,45,'image','https://storage.googleapis.com/sisiwaka-touen-medias/045/045_06%E5%8F%B3%E6%8B%A1%E5%A4%A7.jpg',NULL,NULL,NULL,45,1),(5697,45,'image','https://storage.googleapis.com/sisiwaka-touen-medias/045/045_07%E6%AD%A3%E9%9D%A2%E6%8B%A1%E5%A4%A7.jpg',NULL,NULL,NULL,45,1),(5698,45,'image','https://storage.googleapis.com/sisiwaka-touen-medias/045/045_08%E5%B7%A6%E6%8B%A1%E5%A4%A7.jpg',NULL,NULL,NULL,45,1),(5699,45,'image','https://storage.googleapis.com/sisiwaka-touen-medias/045/045_09%E5%8F%96%E3%81%A3%E6%89%8B%E6%8B%A1%E5%A4%A7.jpg',NULL,NULL,NULL,45,1),(5700,45,'image','https://storage.googleapis.com/sisiwaka-touen-medias/045/045_10%E8%A6%8B%E8%BE%BC%E3%81%BF.jpg',NULL,NULL,NULL,45,1),(5701,45,'image','https://storage.googleapis.com/sisiwaka-touen-medias/045/045_11%E8%A6%8B%E8%BE%BC%E3%81%BF%E6%8B%A1%E5%A4%A7.jpg',NULL,NULL,NULL,45,1),(5702,45,'image','https://storage.googleapis.com/sisiwaka-touen-medias/045/045_12%E5%BA%95.jpg',NULL,NULL,NULL,45,1),(5703,45,'image','https://storage.googleapis.com/sisiwaka-touen-medias/045/045_13%E3%81%A9%E3%81%93%E3%81%8B%E3%81%AE%E6%8B%A1%E5%A4%A7.jpg',NULL,NULL,NULL,45,1),(5704,45,'image','https://storage.googleapis.com/sisiwaka-touen-medias/045/045_14%E5%8F%96%E3%81%A3%E6%89%8B%E8%A3%8F.jpg',NULL,NULL,NULL,45,1),(5705,45,'video','https://storage.googleapis.com/sisiwaka-touen-medias/045/045_%E7%82%8E%E8%8A%AF%E9%9B%AA%E3%81%86%E3%81%9A%E3%82%89.jpg','https://storage.googleapis.com/sisiwaka-touen-medias/045/045_%E7%82%8E%E8%8A%AF%E9%9B%AA%E3%81%86%E3%81%9A%E3%82%89.mp4',NULL,NULL,45,1),(5706,50,'image','https://storage.googleapis.com/sisiwaka-touen-medias/050/050_01%E6%89%8B%E6%8C%81%E3%81%A1.jpg',NULL,NULL,NULL,50,1),(5707,50,'image','https://storage.googleapis.com/sisiwaka-touen-medias/050/050_02%E5%8F%B3.jpg',NULL,NULL,NULL,50,1),(5708,50,'image','https://storage.googleapis.com/sisiwaka-touen-medias/050/050_03%E6%AD%A3%E9%9D%A2.jpg',NULL,NULL,NULL,50,1),(5709,50,'image','https://storage.googleapis.com/sisiwaka-touen-medias/050/050_04%E5%B7%A6.jpg',NULL,NULL,NULL,50,1),(5710,50,'image','https://storage.googleapis.com/sisiwaka-touen-medias/050/050_05%E5%8F%96%E3%81%A3%E6%89%8B.jpg',NULL,NULL,NULL,50,1),(5711,50,'image','https://storage.googleapis.com/sisiwaka-touen-medias/050/050_06%E5%8F%B3%E6%8B%A1%E5%A4%A7.jpg',NULL,NULL,NULL,50,1),(5712,50,'image','https://storage.googleapis.com/sisiwaka-touen-medias/050/050_07%E6%AD%A3%E9%9D%A2%E6%8B%A1%E5%A4%A7.jpg',NULL,NULL,NULL,50,1),(5713,50,'image','https://storage.googleapis.com/sisiwaka-touen-medias/050/050_08%E5%8F%96%E3%81%A3%E6%89%8B%E6%8B%A1%E5%A4%A7.jpg',NULL,NULL,NULL,50,1),(5714,50,'image','https://storage.googleapis.com/sisiwaka-touen-medias/050/050_09%E8%A6%8B%E8%BE%BC%E3%81%BF.jpg',NULL,NULL,NULL,50,1),(5715,50,'image','https://storage.googleapis.com/sisiwaka-touen-medias/050/050_10%E8%A6%8B%E8%BE%BC%E3%81%BF%E6%8B%A1%E5%A4%A7.jpg',NULL,NULL,NULL,50,1),(5716,50,'image','https://storage.googleapis.com/sisiwaka-touen-medias/050/050_11%E5%8F%96%E3%81%A3%E6%89%8B%E8%A3%8F.jpg',NULL,NULL,NULL,50,1),(5717,50,'image','https://storage.googleapis.com/sisiwaka-touen-medias/050/050_12%E5%BA%95.jpg',NULL,NULL,NULL,50,1),(5718,50,'image','https://storage.googleapis.com/sisiwaka-touen-medias/050/050_13%E8%B6%B3.jpg',NULL,NULL,NULL,50,1),(5719,50,'video','https://storage.googleapis.com/sisiwaka-touen-medias/050/050_%E3%81%86%E3%81%A3%E3%81%8B%E3%82%8A%E3%83%92%E3%83%A7%E3%82%A6%E3%83%A2%E3%83%B3%E3%83%80%E3%82%B3.jpg','https://storage.googleapis.com/sisiwaka-touen-medias/050/050_%E3%81%86%E3%81%A3%E3%81%8B%E3%82%8A%E3%83%92%E3%83%A7%E3%82%A6%E3%83%A2%E3%83%B3%E3%83%80%E3%82%B3.mp4',NULL,NULL,50,1),(5720,51,'image','https://storage.googleapis.com/sisiwaka-touen-medias/051/051_01%E6%89%8B%E6%8C%81%E3%81%A1.jpg',NULL,NULL,NULL,51,1),(5721,51,'image','https://storage.googleapis.com/sisiwaka-touen-medias/051/051_02%E5%8F%B3.jpg',NULL,NULL,NULL,51,1),(5722,51,'image','https://storage.googleapis.com/sisiwaka-touen-medias/051/051_03%E6%AD%A3%E9%9D%A2.jpg',NULL,NULL,NULL,51,1),(5723,51,'image','https://storage.googleapis.com/sisiwaka-touen-medias/051/051_04%E5%B7%A6.jpg',NULL,NULL,NULL,51,1),(5724,51,'image','https://storage.googleapis.com/sisiwaka-touen-medias/051/051_05%E5%8F%96%E3%81%A3%E6%89%8B.jpg',NULL,NULL,NULL,51,1),(5725,51,'image','https://storage.googleapis.com/sisiwaka-touen-medias/051/051_06%E5%8F%B3%E6%8B%A1%E5%A4%A7.jpg',NULL,NULL,NULL,51,1),(5726,51,'image','https://storage.googleapis.com/sisiwaka-touen-medias/051/051_07%E6%AD%A3%E9%9D%A2%E6%8B%A1%E5%A4%A7.jpg',NULL,NULL,NULL,51,1),(5727,51,'image','https://storage.googleapis.com/sisiwaka-touen-medias/051/051_08%E5%B7%A6%E6%8B%A1%E5%A4%A7.jpg',NULL,NULL,NULL,51,1),(5728,51,'image','https://storage.googleapis.com/sisiwaka-touen-medias/051/051_09%E5%8F%96%E3%81%A3%E6%89%8B%E6%8B%A1%E5%A4%A7.jpg',NULL,NULL,NULL,51,1),(5729,51,'image','https://storage.googleapis.com/sisiwaka-touen-medias/051/051_10%E5%8F%96%E3%81%A3%E6%89%8B%E8%A3%8F.jpg',NULL,NULL,NULL,51,1),(5730,51,'image','https://storage.googleapis.com/sisiwaka-touen-medias/051/051_11%E8%A3%8F.jpg',NULL,NULL,NULL,51,1),(5731,51,'image','https://storage.googleapis.com/sisiwaka-touen-medias/051/051_12%E8%B6%B3.jpg',NULL,NULL,NULL,51,1),(5732,51,'video','https://storage.googleapis.com/sisiwaka-touen-medias/051/051_%E5%B3%B6%E3%81%AE%E7%B2%BE%E9%9C%8A.jpg','https://storage.googleapis.com/sisiwaka-touen-medias/051/051_%E5%B3%B6%E3%81%AE%E7%B2%BE%E9%9C%8A.mp4',NULL,NULL,51,1),(5733,52,'image','https://storage.googleapis.com/sisiwaka-touen-medias/052/052_01%E6%89%8B%E6%8C%81%E3%81%A1.jpg',NULL,NULL,NULL,52,1),(5734,52,'image','https://storage.googleapis.com/sisiwaka-touen-medias/052/052_02%E5%8F%B3.jpg',NULL,NULL,NULL,52,1),(5735,52,'image','https://storage.googleapis.com/sisiwaka-touen-medias/052/052_03%E6%AD%A3%E9%9D%A2.jpg',NULL,NULL,NULL,52,1),(5736,52,'image','https://storage.googleapis.com/sisiwaka-touen-medias/052/052_04%E5%B7%A6.jpg',NULL,NULL,NULL,52,1),(5737,52,'image','https://storage.googleapis.com/sisiwaka-touen-medias/052/052_05%E5%8F%96%E3%81%A3%E6%89%8B.jpg',NULL,NULL,NULL,52,1),(5738,52,'image','https://storage.googleapis.com/sisiwaka-touen-medias/052/052_06%E5%8F%B3%E6%8B%A1%E5%A4%A7.jpg',NULL,NULL,NULL,52,1),(5739,52,'image','https://storage.googleapis.com/sisiwaka-touen-medias/052/052_07%E6%AD%A3%E9%9D%A2%E6%8B%A1%E5%A4%A7.jpg',NULL,NULL,NULL,52,1),(5740,52,'image','https://storage.googleapis.com/sisiwaka-touen-medias/052/052_08%E5%B7%A6%E6%8B%A1%E5%A4%A7.jpg',NULL,NULL,NULL,52,1),(5741,52,'image','https://storage.googleapis.com/sisiwaka-touen-medias/052/052_09%E5%8F%96%E3%81%A3%E6%89%8B%E6%8B%A1%E5%A4%A7.jpg',NULL,NULL,NULL,52,1),(5742,52,'image','https://storage.googleapis.com/sisiwaka-touen-medias/052/052_10%E5%8F%96%E3%81%A3%E6%89%8B%E8%A3%8F.jpg',NULL,NULL,NULL,52,1),(5743,52,'image','https://storage.googleapis.com/sisiwaka-touen-medias/052/052_11%E8%A6%8B%E8%BE%BC%E3%81%BF.jpg',NULL,NULL,NULL,52,1),(5744,52,'image','https://storage.googleapis.com/sisiwaka-touen-medias/052/052_12%E7%B8%81.jpg',NULL,NULL,NULL,52,1),(5745,52,'image','https://storage.googleapis.com/sisiwaka-touen-medias/052/052_13%E8%A3%8F.jpg',NULL,NULL,NULL,52,1),(5746,52,'image','https://storage.googleapis.com/sisiwaka-touen-medias/052/052_14%E8%B6%B3.jpg',NULL,NULL,NULL,52,1),(5747,52,'video','https://storage.googleapis.com/sisiwaka-touen-medias/052/052_%E9%9B%AA%E4%BB%94%E8%99%8E.jpg','https://storage.googleapis.com/sisiwaka-touen-medias/052/052_%E9%9B%AA%E4%BB%94%E8%99%8E.mp4',NULL,NULL,52,1),(5748,53,'image','https://storage.googleapis.com/sisiwaka-touen-medias/053/053_01%E6%89%8B%E6%8C%81%E3%81%A1.jpg',NULL,NULL,NULL,53,1),(5749,53,'image','https://storage.googleapis.com/sisiwaka-touen-medias/053/053_02%E5%8F%B3.jpg',NULL,NULL,NULL,53,1),(5750,53,'image','https://storage.googleapis.com/sisiwaka-touen-medias/053/053_03%E6%AD%A3%E9%9D%A2.jpg',NULL,NULL,NULL,53,1),(5751,53,'image','https://storage.googleapis.com/sisiwaka-touen-medias/053/053_04%E5%B7%A6.jpg',NULL,NULL,NULL,53,1),(5752,53,'image','https://storage.googleapis.com/sisiwaka-touen-medias/053/053_05%E5%8F%96%E3%81%A3%E6%89%8B.jpg',NULL,NULL,NULL,53,1),(5753,53,'image','https://storage.googleapis.com/sisiwaka-touen-medias/053/053_06%E5%8F%B3%E6%8B%A1%E5%A4%A7.jpg',NULL,NULL,NULL,53,1),(5754,53,'image','https://storage.googleapis.com/sisiwaka-touen-medias/053/053_07%E6%AD%A3%E9%9D%A2%E6%8B%A1%E5%A4%A7.jpg',NULL,NULL,NULL,53,1),(5755,53,'image','https://storage.googleapis.com/sisiwaka-touen-medias/053/053_08%E5%B7%A6%E6%8B%A1%E5%A4%A7.jpg',NULL,NULL,NULL,53,1),(5756,53,'image','https://storage.googleapis.com/sisiwaka-touen-medias/053/053_09%E5%8F%96%E3%81%A3%E6%89%8B%E6%8B%A1%E5%A4%A7.jpg',NULL,NULL,NULL,53,1),(5757,53,'image','https://storage.googleapis.com/sisiwaka-touen-medias/053/053_10%E8%A6%8B%E8%BE%BC%E3%81%BF.jpg',NULL,NULL,NULL,53,1),(5758,53,'image','https://storage.googleapis.com/sisiwaka-touen-medias/053/053_11%E5%8F%A3%E7%B8%81.jpg',NULL,NULL,NULL,53,1),(5759,53,'image','https://storage.googleapis.com/sisiwaka-touen-medias/053/053_12%E8%A3%8F.jpg',NULL,NULL,NULL,53,1),(5760,53,'image','https://storage.googleapis.com/sisiwaka-touen-medias/053/053_13%E8%B6%B3.jpg',NULL,NULL,NULL,53,1),(5761,53,'video','https://storage.googleapis.com/sisiwaka-touen-medias/053/053_%E3%81%97%E3%81%A3%E3%81%8B%E3%82%8A%E3%83%92%E3%83%A7%E3%82%A6%E3%83%A2%E3%83%B3%E3%83%80%E3%82%B3.jpg','https://storage.googleapis.com/sisiwaka-touen-medias/053/053_%E3%81%97%E3%81%A3%E3%81%8B%E3%82%8A%E3%83%92%E3%83%A7%E3%82%A6%E3%83%A2%E3%83%B3%E3%83%80%E3%82%B3.mp4',NULL,NULL,53,1),(5762,54,'image','https://storage.googleapis.com/sisiwaka-touen-medias/054/054_01%E6%89%8B%E6%8C%81%E3%81%A1.jpg',NULL,NULL,NULL,54,1),(5763,54,'image','https://storage.googleapis.com/sisiwaka-touen-medias/054/054_02%E5%8F%B3.jpg',NULL,NULL,NULL,54,1),(5764,54,'image','https://storage.googleapis.com/sisiwaka-touen-medias/054/054_03%E6%AD%A3%E9%9D%A2.jpg',NULL,NULL,NULL,54,1),(5765,54,'image','https://storage.googleapis.com/sisiwaka-touen-medias/054/054_04%E5%B7%A6.jpg',NULL,NULL,NULL,54,1),(5766,54,'image','https://storage.googleapis.com/sisiwaka-touen-medias/054/054_05%E5%8F%96%E3%81%A3%E6%89%8B.jpg',NULL,NULL,NULL,54,1),(5767,54,'image','https://storage.googleapis.com/sisiwaka-touen-medias/054/054_06%E5%8F%B3%E6%8B%A1%E5%A4%A7.jpg',NULL,NULL,NULL,54,1),(5768,54,'image','https://storage.googleapis.com/sisiwaka-touen-medias/054/054_07%E6%AD%A3%E9%9D%A2%E6%8B%A1%E5%A4%A7.jpg',NULL,NULL,NULL,54,1),(5769,54,'image','https://storage.googleapis.com/sisiwaka-touen-medias/054/054_08%E5%B7%A6%E6%8B%A1%E5%A4%A7.jpg',NULL,NULL,NULL,54,1),(5770,54,'image','https://storage.googleapis.com/sisiwaka-touen-medias/054/054_09%E5%8F%96%E3%81%A3%E6%89%8B%E6%8B%A1%E5%A4%A7.jpg',NULL,NULL,NULL,54,1),(5771,54,'image','https://storage.googleapis.com/sisiwaka-touen-medias/054/054_10%E5%8F%96%E3%81%A3%E6%89%8B%E8%A3%8F.jpg',NULL,NULL,NULL,54,1),(5772,54,'image','https://storage.googleapis.com/sisiwaka-touen-medias/054/054_11%E8%A6%8B%E8%BE%BC%E3%81%BF.jpg',NULL,NULL,NULL,54,1),(5773,54,'image','https://storage.googleapis.com/sisiwaka-touen-medias/054/054_12%E7%B8%81.jpg',NULL,NULL,NULL,54,1),(5774,54,'image','https://storage.googleapis.com/sisiwaka-touen-medias/054/054_13%E8%A3%8F.jpg',NULL,NULL,NULL,54,1),(5775,54,'image','https://storage.googleapis.com/sisiwaka-touen-medias/054/054_14%E8%B6%B3.jpg',NULL,NULL,NULL,54,1),(5776,54,'image','https://storage.googleapis.com/sisiwaka-touen-medias/054/054_15%E8%B6%B3%E6%8B%A1%E5%A4%A7.jpg',NULL,NULL,NULL,54,1),(5777,54,'video','https://storage.googleapis.com/sisiwaka-touen-medias/054/054_%E5%86%AC%E3%81%AE%E6%B1%A0%E3%80%81%E6%B0%B7%E3%81%AE%E6%B3%A1.jpg','https://storage.googleapis.com/sisiwaka-touen-medias/054/054_%E5%86%AC%E3%81%AE%E6%B1%A0%E3%80%81%E6%B0%B7%E3%81%AE%E6%B3%A1.mp4',NULL,NULL,54,1),(5778,55,'image','https://storage.googleapis.com/sisiwaka-touen-medias/055/055_01%E6%89%8B%E6%8C%81%E3%81%A1.jpg',NULL,NULL,NULL,55,1),(5779,55,'image','https://storage.googleapis.com/sisiwaka-touen-medias/055/055_02%E5%8F%B3.jpg',NULL,NULL,NULL,55,1),(5780,55,'image','https://storage.googleapis.com/sisiwaka-touen-medias/055/055_03%E6%AD%A3%E9%9D%A2.jpg',NULL,NULL,NULL,55,1),(5781,55,'image','https://storage.googleapis.com/sisiwaka-touen-medias/055/055_04%E5%B7%A6.jpg',NULL,NULL,NULL,55,1),(5782,55,'image','https://storage.googleapis.com/sisiwaka-touen-medias/055/055_05%E5%8F%96%E3%81%A3%E6%89%8B.jpg',NULL,NULL,NULL,55,1),(5783,55,'image','https://storage.googleapis.com/sisiwaka-touen-medias/055/055_06%E5%8F%B3%E6%8B%A1%E5%A4%A7.jpg',NULL,NULL,NULL,55,1),(5784,55,'image','https://storage.googleapis.com/sisiwaka-touen-medias/055/055_07%E6%AD%A3%E9%9D%A2%E6%8B%A1%E5%A4%A7.jpg',NULL,NULL,NULL,55,1),(5785,55,'image','https://storage.googleapis.com/sisiwaka-touen-medias/055/055_08%E5%B7%A6%E6%8B%A1%E5%A4%A7.jpg',NULL,NULL,NULL,55,1),(5786,55,'image','https://storage.googleapis.com/sisiwaka-touen-medias/055/055_10%E8%A6%8B%E8%BE%BC%E3%81%BF.jpg',NULL,NULL,NULL,55,1),(5787,55,'image','https://storage.googleapis.com/sisiwaka-touen-medias/055/055_11%E8%A3%8F.jpg',NULL,NULL,NULL,55,1),(5788,55,'image','https://storage.googleapis.com/sisiwaka-touen-medias/055/055_12%E8%B6%B3.jpg',NULL,NULL,NULL,55,1),(5789,55,'image','https://storage.googleapis.com/sisiwaka-touen-medias/055/055_9%E5%8F%96%E3%81%A3%E6%89%8B%E5%86%85%E5%81%B4.jpg',NULL,NULL,NULL,55,1),(5790,55,'video','https://storage.googleapis.com/sisiwaka-touen-medias/055/055_%E9%9B%AA%E5%89%B2%E3%82%8A%E3%81%AE%E5%A5%94%E6%B5%81.jpg','https://storage.googleapis.com/sisiwaka-touen-medias/055/055_%E9%9B%AA%E5%89%B2%E3%82%8A%E3%81%AE%E5%A5%94%E6%B5%81.mp4',NULL,NULL,55,1);
/*!40000 ALTER TABLE `artwork_media` ENABLE KEYS */;
UNLOCK TABLES;

--
-- Table structure for table `artwork_techniques`
--

DROP TABLE IF EXISTS `artwork_techniques`;
/*!40101 SET @saved_cs_client     = @@character_set_client */;
/*!40101 SET character_set_client = utf8 */;
CREATE TABLE `artwork_techniques` (
  `artwork_id` int(11) NOT NULL,
  `techniques_slug` varchar(50) NOT NULL,
  `valid` tinyint(1) NOT NULL DEFAULT 1,
  PRIMARY KEY (`artwork_id`,`techniques_slug`),
  KEY `fk_artwork_techniques_technique` (`techniques_slug`),
  CONSTRAINT `fk_artwork_techniques_artwork` FOREIGN KEY (`artwork_id`) REFERENCES `artworks` (`id`) ON DELETE CASCADE ON UPDATE CASCADE,
  CONSTRAINT `fk_artwork_techniques_technique` FOREIGN KEY (`techniques_slug`) REFERENCES `techniques` (`slug`) ON UPDATE CASCADE
) ENGINE=InnoDB DEFAULT CHARSET=utf8mb4 COLLATE=utf8mb4_unicode_ci;
/*!40101 SET character_set_client = @saved_cs_client */;

--
-- Dumping data for table `artwork_techniques`
--

LOCK TABLES `artwork_techniques` WRITE;
/*!40000 ALTER TABLE `artwork_techniques` DISABLE KEYS */;
INSERT INTO `artwork_techniques` VALUES (1,'shinogi',1),(3,'shinogi',1),(7,'shinogi',1),(8,'shinogi',1),(20,'shinogi',1),(21,'nerikomi',1),(21,'shinogi',1),(22,'nerikomi',1),(22,'shinogi',1),(25,'shinogi',1),(26,'nerikomi',1),(26,'shinogi',1),(27,'nerikomi',1),(27,'shinogi',1),(28,'nerikomi',1),(28,'shinogi',1),(29,'nerikomi',1),(29,'shinogi',1),(30,'nerikomi',1),(30,'shinogi',1),(33,'nerikomi',1),(33,'shinogi',1),(34,'nerikomi',1),(34,'shinogi',1),(35,'nerikomi',1),(35,'shinogi',1),(36,'nerikomi',1),(36,'shinogi',1),(37,'nerikomi',1),(37,'shinogi',1),(38,'nerikomi',1),(38,'shinogi',1),(38,'tebinari',1),(39,'nerikomi',1),(39,'shinogi',1),(40,'nerikomi',1),(40,'shinogi',1),(42,'nerikomi',1),(42,'shinogi',1),(42,'tebinari',1),(43,'nerikomi',1),(43,'shinogi',1),(44,'nerikomi',1),(44,'shinogi',1),(45,'nerikomi',1),(45,'shinogi',1),(45,'tebinari',1),(50,'nerikomi',1),(50,'shinogi',1),(51,'nerikomi',1),(51,'shinogi',1),(52,'nerikomi',1),(52,'shinogi',1),(53,'nerikomi',1),(53,'shinogi',1),(54,'nerikomi',1),(54,'shinogi',1),(55,'nerikomi',1),(55,'shinogi',1);
/*!40000 ALTER TABLE `artwork_techniques` ENABLE KEYS */;
UNLOCK TABLES;

--
-- Table structure for table `artworks`
--

DROP TABLE IF EXISTS `artworks`;
/*!40101 SET @saved_cs_client     = @@character_set_client */;
/*!40101 SET character_set_client = utf8 */;
CREATE TABLE `artworks` (
  `id` int(11) NOT NULL,
  `name` varchar(100) NOT NULL,
  `description_title` varchar(255) DEFAULT NULL,
  `description` text DEFAULT NULL,
  `category` varchar(50) NOT NULL,
  `spec` text DEFAULT NULL,
  `width` decimal(5,1) DEFAULT NULL,
  `max_width` decimal(5,1) DEFAULT NULL,
  `height` decimal(5,1) DEFAULT NULL,
  `weight` int(11) DEFAULT NULL,
  `capacity` int(11) DEFAULT NULL,
  `clay` text DEFAULT NULL,
  `glaze` text DEFAULT NULL,
  `notes` text DEFAULT NULL,
  `in_stock` tinyint(1) NOT NULL DEFAULT 1,
  `coloring` varchar(50) DEFAULT NULL,
  `shop_url` varchar(500) DEFAULT NULL,
  `instagram_url` varchar(500) DEFAULT NULL,
  `completion_date` date DEFAULT NULL,
  `update_date` timestamp NOT NULL DEFAULT current_timestamp() ON UPDATE current_timestamp(),
  `valid` tinyint(1) NOT NULL DEFAULT 1,
  PRIMARY KEY (`id`),
  KEY `fk_artworks_color` (`coloring`),
  KEY `fk_artworks_category` (`category`),
  CONSTRAINT `fk_artworks_category` FOREIGN KEY (`category`) REFERENCES `categories` (`slug`) ON UPDATE CASCADE,
  CONSTRAINT `fk_artworks_color` FOREIGN KEY (`coloring`) REFERENCES `colorings` (`slug`)
) ENGINE=InnoDB DEFAULT CHARSET=utf8mb4 COLLATE=utf8mb4_unicode_ci;
/*!40101 SET character_set_client = @saved_cs_client */;

--
-- Dumping data for table `artworks`
--

LOCK TABLES `artworks` WRITE;
/*!40000 ALTER TABLE `artworks` DISABLE KEYS */;
INSERT INTO `artworks` VALUES (1,'','','\r\n66\r\n\r\n\r\n','coffee_cup','10cm ()12.5cm ()\r\n8.5cm\r\n160cc (8)\r\n190g',NULL,NULL,NULL,NULL,NULL,'','','',0,'monotone',NULL,'https://www.instagram.com/p/DFaUGSczXPm/',NULL,'2025-10-20 00:45:15',1),(3,'','','\r\n\r\n\r\n 12\r\n','coffee_cup','10cm ()12.5cm ()\r\n6.5cm\r\n200cc (8)\r\n200g',NULL,NULL,NULL,NULL,NULL,'','\r\n','',1,'monotone','https://minne.com/items/42304460','https://www.instagram.com/p/DGBBiPJzI7t/','2023-10-20','2025-10-20 00:42:41',1),(7,'','12','6612\r\n11\r\n','pasta_plate','22cm\r\n8.5cm\r\n530cc (8)\r\n680g',NULL,NULL,NULL,NULL,NULL,'','','',0,'monotone',NULL,'','2023-10-06','2025-10-20 00:27:07',1),(8,'','','\r\n\r\n\r\n\r\n','coffee_cup','9.5cm ()11.5cm ()\r\n7cm\r\n130cc (8)\r\n195g',NULL,NULL,NULL,NULL,NULL,'','','',0,'monotone',NULL,'https://www.instagram.com/p/DF7PK8uxji2/','2023-10-06','2025-10-20 00:43:56',1),(20,'','','\r\n\r\n\r\n\r\n','coffee_cup','10.5cm ()13.0cm ()\r\n8.5cm\r\n260cc (8)\r\n234g',NULL,NULL,NULL,NULL,NULL,'','\r\n','',0,'multicolour',NULL,'https://www.instagram.com/p/DGzXjIfzswW/','2024-09-22','2025-10-20 00:31:10',1),(21,'','','\r\n1\r\n22\r\n\r\n','coffee_cup','9.0cm ()11.0cm ()\r\n6.5cm\r\n150cc (8)\r\n189g',NULL,NULL,NULL,NULL,NULL,'','','',1,'monotone','','https://www.instagram.com/p/C7wTyJ-plyM/','2024-09-29','2025-10-20 01:48:20',1),(22,'','','\r\n()\r\n\r\n\r\n','coffee_cup','8.0cm ()11.0cm ()\r\n7.5cm\r\n140cc (8)\r\n197g',NULL,NULL,NULL,NULL,NULL,'','','',1,'monotone','','https://www.instagram.com/p/C9r8zxMzRWb/','2024-10-06','2025-10-20 01:50:51',1),(25,'','','\r\n666\r\n\r\n','donburi','15.0cm\r\n8.0cm\r\n400cc (8)\r\n350g',NULL,NULL,NULL,NULL,NULL,'','\r\n','',0,'multicolour',NULL,'',NULL,'2025-10-20 00:08:39',1),(26,'','','\r\n6\r\n\r\n \r\n\r\n','coffee_cup','8.5cm ()10.5cm ()\r\n8.3cm\r\n180cc (8)\r\n192g',NULL,NULL,NULL,NULL,NULL,'','','',1,'monotone','https://minne.com/items/42443960','https://www.instagram.com/p/DAnzWbpz2JF/','2024-10-20','2025-10-20 00:33:55',1),(27,'','','\r\n\r\n','coffee_cup','8.5cm ()11cm ()\r\n6.8cm\r\n160cc (8)\r\n199g',NULL,NULL,NULL,NULL,NULL,'','','',0,'monotone',NULL,'https://www.instagram.com/p/DAqjjtOzCry/','2024-10-27','2025-10-20 00:39:56',1),(28,'','','\r\n','coffee_cup','8.0cm ()11.0cm ()\r\n7.5cm\r\n140cc (8)\r\n205g',NULL,NULL,NULL,NULL,NULL,'','','',1,'monotone','https://minne.com/items/42867065','https://www.instagram.com/p/DBloiY6TeVs/','2024-11-03','2025-10-20 00:12:31',1),(29,'','','\r\n\r\n\r\n','coffee_cup','7.5cm ()10.5cm ()\r\n8.0cm\r\n140cc (8)\r\n208g',NULL,NULL,NULL,NULL,NULL,'','\r\n','',1,'monotone','https://minne.com/items/42995131','https://www.instagram.com/p/DDCmiIWTxhw/','2024-11-10','2025-10-20 00:36:15',1),(30,'','','\r\n\r\n\r\n','medium_bowl','13.0cm\r\n7.4cm\r\n400cc (8)\r\n378g',NULL,NULL,NULL,NULL,NULL,'','','',1,'monotone','https://minne.com/items/42603879','https://www.instagram.com/p/DCMMFmITHmg/','2024-11-17','2025-10-20 00:24:04',1),(33,'','','\r\n\r\n\r\n																														','coffee_cup','9.0cm ()11.5cm ()\r\n8.0cm\r\n170cc (8)\r\n245g																														',9.0,11.5,8.0,245,170,'																														','\r\n																														','																														',1,'monotone','','','2024-12-21','2025-10-23 06:12:58',1),(34,'','','\r\n11\r\n','demitasse_cup','7.0cm ()10.0cm ()\r\n7.4cm\r\n100cc (8)\r\n176g',NULL,NULL,NULL,NULL,NULL,'','\r\n','',1,'monotone','','https://www.instagram.com/p/DEBaWpezQ3z/','2024-12-08','2025-10-20 00:18:59',1),(35,'','','\r\n\r\n2\r\n','coffee_cup','9.5cm ()12cm ()\r\n5.3cm\r\n140cc (8)\r\n205g',NULL,NULL,NULL,NULL,NULL,'','\r\n','',0,'monotone',NULL,'https://www.instagram.com/p/DFcBXgUzu5l/','2024-12-15','2025-10-20 00:47:27',1),(36,'','','6\r\n\r\n\r\n','coffee_cup','9.0cm ()11cm ()\r\n6.2cm\r\n150cc (8)\r\n194\r\n',9.0,11.0,6.2,194,150,'','\r\n','',1,'monotone','https://minne.com/items/42299435','https://www.instagram.com/p/DF5br47Tkg3/','2024-12-22','2025-10-16 03:54:26',1),(37,'','','\r\n6\r\n\r\n\r\n','coffee_cup','8.0cm ()10.5cm ()\r\n8.4cm\r\n160cc (8)\r\n236g\r\n',8.0,10.5,8.4,236,160,'','\r\n','',0,'monotone',NULL,'https://www.instagram.com/p/DGnhjBXTaRX/','2025-01-05','2025-09-24 15:38:10',1),(38,'','','\r\n\r\n4\r\n\r\n\r\n','small_bowl','11.0cm\r\n7.5cm\r\n180cc (8)\r\n257g\r\n',11.0,11.0,7.5,257,180,'','\r\n','',0,'monotone',NULL,'https://www.instagram.com/p/DIWgqjkz3lD/','2025-01-26','2025-09-24 16:20:54',1),(39,'','','\r\n\r\n\r\n\r\n','coffee_cup','9.5cm ()12.5cm ()\r\n7.0cm\r\n160cc (8)\r\n232g',9.5,12.5,7.0,232,160,'','\r\n','',1,'monotone','https://minne.com/items/43768529','https://www.instagram.com/p/DN6_gUEk4iB/','2025-01-26','2025-10-20 04:14:31',1),(40,'','','\r\n\r\n6\r\n2\r\n						','coffee_cup','9.0cm ()11.5cm ()\r\n7.0cm\r\n180cc (8)\r\n241g						',9.0,11.5,7.0,241,180,'						','\r\n						','						',1,'monotone','https://minne.com/items/42866956','https://www.instagram.com/p/DIyqnpJzqjd/','2025-02-16','2025-10-23 06:25:35',1),(42,'','','\r\n\r\n\r\n3\r\n','coffee_cup','8.0cm ()11.0cm ()\r\n8.0cm\r\n150cc (8)\r\n245g',8.0,11.0,8.0,245,150,'','\r\n','',1,'monotone','https://minne.com/items/43197758','https://www.instagram.com/p/DKpPIkQzhj4/','2025-02-16','2025-10-20 01:55:11',1),(43,'','','\r\n360  \r\n','medium_bowl','17.0cm\r\n9.5cm\r\n1,000cc (8)\r\n850g',17.0,17.5,9.5,850,1,'','3\r\n','',0,'monotone',NULL,'https://www.instagram.com/p/DJMrjMJzm_P/','2025-03-22','2025-09-23 15:56:36',1),(44,'','','900cc\r\n\r\n\r\n\r\n9','medium_bowl','16.0cm\r\n9.7cm\r\n900cc (8)\r\n936g',16.0,16.0,9.7,936,900,'','\r\n','',0,'monotone',NULL,'https://www.instagram.com/p/DJRtW5szHrx/','2025-04-13','2025-09-23 15:38:12',1),(45,'','','\r\n\r\n\r\n \r\n','demitasse_cup','8.0cm ()10.5cm ()\r\n5.5cm\r\n125cc (8)\r\n167g',8.0,10.5,5.5,167,125,'','\r\n','',0,'multicolour',NULL,'','2025-03-09','2025-10-14 15:35:06',1),(50,'','','\r\n\r\n36\r\n','coffee_cup','8.5cm ()11.0cm ()\r\n7.0cm\r\n150cc (8)\r\n202g',8.5,11.0,7.0,202,150,'','\r\n','',1,'multicolour','https://minne.com/items/43841419','https://www.instagram.com/p/DOV3SO9kVUV/','2025-06-01','2025-09-23 15:57:47',1),(51,'','','\r\n\r\n\r\n\r\n6\r\n','demitasse_cup','7.5cm ()10.0cm ()\r\n7.5cm\r\n125cc (8)\r\n192g',7.5,10.0,7.5,192,125,'25%75%','3\r\n','',1,'monotone','https://minne.com/items/43197854','https://www.instagram.com/p/DL2b9keTIVn/','2025-06-01','2025-09-22 03:48:13',1),(52,'','','\r\n6\r\n\r\n','coffee_cup','9.0cm ()12.0cm ()\r\n7.5cm\r\n150cc (8)\r\n222g',9.0,12.0,7.5,222,150,'75%25%','\r\n','',1,'monotone','https://minne.com/items/43714942','https://www.instagram.com/p/DNlXNHnTvkM/','2025-06-01','2025-10-22 12:19:15',1),(53,'','','\r\n\r\n()\r\n																		','coffee_cup','7.0cm ()9.5cm ()\r\n7.0cm\r\n135cc (8)\r\n184g																		',7.0,9.5,7.0,184,135,'																		','\r\n																		','																		',0,'multicolour','https://minne.com/items/43841520','https://www.instagram.com/albrecht1999/p/DOV40uREVVw/','2025-07-27','2025-10-25 08:51:52',1),(54,'','','\r\n\r\n\r\n','coffee_cup','8.0cm ()10.5cm ()\r\n7.0cm\r\n140cc (8)\r\n204g',8.0,10.5,7.0,204,140,'','\r\n','',1,'monotone','https://minne.com/items/43925588','https://www.instagram.com/p/DO8ous2kbgM/','2025-08-03','2025-10-16 04:03:23',1),(55,'','','\r\n\r\n66\r\n						','coffee_cup','8.0cm ()12.0cm ()\r\n7.0cm\r\n230cc (8)\r\n248g						',8.0,12.0,7.0,248,230,'()						','\r\n						','						',0,'multicolour','https://minne.com/items/44109057','https://www.instagram.com/p/DP1VHX4klCE/','2025-08-03','2025-10-23 06:13:56',1),(999,'name','()','						','mosquito_coil_holder','						',NULL,NULL,NULL,NULL,NULL,'						','						','						',1,NULL,'','',NULL,'2025-10-25 08:50:55',0);
/*!40000 ALTER TABLE `artworks` ENABLE KEYS */;
UNLOCK TABLES;

--
-- Table structure for table `artworks_import_raw`
--

DROP TABLE IF EXISTS `artworks_import_raw`;
/*!40101 SET @saved_cs_client     = @@character_set_client */;
/*!40101 SET character_set_client = utf8 */;
CREATE TABLE `artworks_import_raw` (
  `id` int(11) DEFAULT NULL,
  `description_title` varchar(255) DEFAULT NULL,
  `categories` varchar(100) DEFAULT NULL,
  `description` longtext DEFAULT NULL,
  `name` varchar(100) DEFAULT NULL,
  `spec` longtext DEFAULT NULL,
  `width` decimal(5,1) DEFAULT NULL,
  `maxWidth` decimal(5,1) DEFAULT NULL,
  `height` decimal(5,1) DEFAULT NULL,
  `weight` int(11) DEFAULT NULL,
  `capacity` int(11) DEFAULT NULL,
  `technique0` varchar(100) DEFAULT NULL,
  `technique1` varchar(100) DEFAULT NULL,
  `technique2` varchar(100) DEFAULT NULL,
  `clay` longtext DEFAULT NULL,
  `glaze` longtext DEFAULT NULL,
  `notes` longtext DEFAULT NULL,
  `in_stock` varchar(10) DEFAULT NULL,
  `url` varchar(500) DEFAULT NULL,
  `instagramUrl` varchar(500) DEFAULT NULL,
  `completionDate` varchar(20) DEFAULT NULL,
  `updateDate` varchar(20) DEFAULT NULL,
  `valid` varchar(10) NOT NULL DEFAULT '1'
) ENGINE=InnoDB DEFAULT CHARSET=utf8mb4 COLLATE=utf8mb4_unicode_ci;
/*!40101 SET character_set_client = @saved_cs_client */;

--
-- Dumping data for table `artworks_import_raw`
--

LOCK TABLES `artworks_import_raw` WRITE;
/*!40000 ALTER TABLE `artworks_import_raw` DISABLE KEYS */;
INSERT INTO `artworks_import_raw` VALUES (1,'','coffee_cup','\r\n6\r\n6\r\n\r\n\r\n','','10cm ()12.5cm ()\r\n8.5cm\r\n160cc (8)\r\n190g\r\n',NULL,NULL,NULL,NULL,NULL,NULL,NULL,NULL,NULL,NULL,NULL,'0',NULL,NULL,NULL,NULL,'1'),(3,'','coffee_cup','\r\n\r\n\r\n\r\n 12\r\n\r\n\r\n','','10cm ()12.5cm ()\r\n6.5cm\r\n200cc (8)\r\n200g',NULL,NULL,NULL,NULL,NULL,NULL,NULL,NULL,NULL,NULL,NULL,'1',NULL,NULL,'2023/10/20',NULL,'1'),(7,'12','coffee_cup','6612\r\n\r\n11\r\n\r\n','',NULL,NULL,NULL,NULL,NULL,NULL,NULL,NULL,NULL,NULL,NULL,NULL,'0',NULL,NULL,'2023/10/6',NULL,'1'),(8,'','coffee_cup','\r\n\r\n\r\n\r\n\r\n','','9.5cm ()11.5cm ()\r\n7cm\r\n130cc (8)\r\n195g',NULL,NULL,NULL,NULL,NULL,NULL,NULL,NULL,NULL,NULL,NULL,'0',NULL,NULL,'2023/10/6',NULL,'1'),(20,'','coffee_cup','\r\n\r\n\r\n\r\n\r\n','','10.5cm ()13.0cm ()\r\n8.5cm\r\n260cc (8)\r\n234g',NULL,NULL,NULL,NULL,NULL,NULL,NULL,NULL,NULL,NULL,NULL,'0',NULL,NULL,'2024/9/22',NULL,'1'),(21,'','coffee_cup','\r\n1\r\n22\r\n\r\n12','','9.0cm ()11.0cm ()\r\n6.5cm\r\n150cc (8)\r\n189g',NULL,NULL,NULL,NULL,NULL,NULL,NULL,NULL,NULL,NULL,NULL,'1',NULL,NULL,'2024/9/29',NULL,'1'),(22,'','coffee_cup','\r\n()\r\n\r\n12\r\n','',NULL,NULL,NULL,NULL,NULL,NULL,NULL,NULL,NULL,NULL,NULL,NULL,'1',NULL,NULL,'2024/10/6',NULL,'1'),(25,'','coffee_cup','\r\n6\r\n66\r\n\r\n','','15.0cm\r\n8.0cm\r\n400cc (8)\r\n350g',NULL,NULL,NULL,NULL,NULL,NULL,NULL,NULL,NULL,NULL,NULL,'0',NULL,NULL,NULL,NULL,'1'),(26,'','coffee_cup','\r\n6\r\n\r\n \r\n\r\n','','8.5cm ()10.5cm ()\r\n8.3cm\r\n180cc (8)\r\n192g',NULL,NULL,NULL,NULL,NULL,NULL,NULL,NULL,NULL,NULL,NULL,'1',NULL,NULL,'2024/10/20',NULL,'1'),(27,'','coffee_cup','\r\n\r\n','','8.5cm ()11cm ()\r\n6.8cm\r\n160cc (8)\r\n199g',NULL,NULL,NULL,NULL,NULL,NULL,NULL,NULL,NULL,NULL,NULL,'0',NULL,NULL,'2024/10/27',NULL,'1'),(28,'','coffee_cup','No.027\r\n\r\n\r\n\r\n\r\n','','8.0cm ()11.0cm ()\r\n7.5cm\r\n140cc (8)\r\n205g',NULL,NULL,NULL,NULL,NULL,NULL,NULL,NULL,NULL,NULL,NULL,'1',NULL,NULL,'2024/11/3',NULL,'1'),(29,'','coffee_cup','\r\n\r\n\r\n\r\n\r\n','','7.5cm ()10.5cm ()\r\n8.0cm\r\n140cc (8)\r\n208g',NULL,NULL,NULL,NULL,NULL,NULL,NULL,NULL,NULL,NULL,NULL,'1',NULL,NULL,'2024/11/10',NULL,'1'),(30,'','coffee_cup','\r\n\r\n\r\n','','13.0cm\r\n7.4cm\r\n400cc (8)\r\n378g',NULL,NULL,NULL,NULL,NULL,NULL,NULL,NULL,NULL,NULL,NULL,'1',NULL,NULL,'2024/11/17',NULL,'1'),(34,'','coffee_cup','\r\n\r\n11\r\n','','7.0cm ()10.0cm ()\r\n7.4cm\r\n100cc (8)\r\n176g',NULL,NULL,NULL,NULL,NULL,NULL,NULL,NULL,NULL,NULL,NULL,'1',NULL,NULL,'2024/12/8',NULL,'1'),(35,'','coffee_cup','\r\n\r\n2\r\n\r\n','','9.5cm ()12cm ()\r\n5.3cm\r\n140cc (8)\r\n205g',NULL,NULL,NULL,NULL,NULL,NULL,NULL,NULL,NULL,NULL,NULL,'0',NULL,NULL,'2024/12/15',NULL,'1');
/*!40000 ALTER TABLE `artworks_import_raw` ENABLE KEYS */;
UNLOCK TABLES;

--
-- Table structure for table `categories`
--

DROP TABLE IF EXISTS `categories`;
/*!40101 SET @saved_cs_client     = @@character_set_client */;
/*!40101 SET character_set_client = utf8 */;
CREATE TABLE `categories` (
  `slug` varchar(50) NOT NULL,
  `label_ja` varchar(100) NOT NULL,
  `label_en` varchar(100) NOT NULL,
  `sort_order` int(11) NOT NULL DEFAULT 0,
  `valid` tinyint(1) NOT NULL DEFAULT 1,
  PRIMARY KEY (`slug`)
) ENGINE=InnoDB DEFAULT CHARSET=utf8mb4 COLLATE=utf8mb4_unicode_ci;
/*!40101 SET character_set_client = @saved_cs_client */;

--
-- Dumping data for table `categories`
--

LOCK TABLES `categories` WRITE;
/*!40000 ALTER TABLE `categories` DISABLE KEYS */;
INSERT INTO `categories` VALUES ('coffee_cup','','Coffee Cup',1,1),('demitasse_cup','','Demitasse Cup',2,1),('donburi','','Donburi Bowl',11,1),('large_bowl','','Large Bowl',8,1),('large_plate','','Large Plate',4,1),('medium_bowl','','Medium Bowl',9,1),('medium_plate','','Medium Plate',5,1),('mosquito_coil_holder','','Mosquito Coil Holder',12,1),('other','','Other',13,1),('pasta_plate','','Pasta Plate',7,1),('small_bowl','','Small Bowl',10,1),('small_plate','','Small Plate',6,1),('soup_cup','','Soup Cup',3,1);
/*!40000 ALTER TABLE `categories` ENABLE KEYS */;
UNLOCK TABLES;

--
-- Table structure for table `colorings`
--

DROP TABLE IF EXISTS `colorings`;
/*!40101 SET @saved_cs_client     = @@character_set_client */;
/*!40101 SET character_set_client = utf8 */;
CREATE TABLE `colorings` (
  `slug` varchar(50) NOT NULL,
  `label_ja` varchar(100) NOT NULL,
  `label_en` varchar(100) NOT NULL,
  `valid` tinyint(1) NOT NULL DEFAULT 1,
  PRIMARY KEY (`slug`)
) ENGINE=InnoDB DEFAULT CHARSET=utf8mb4 COLLATE=utf8mb4_unicode_ci;
/*!40101 SET character_set_client = @saved_cs_client */;

--
-- Dumping data for table `colorings`
--

LOCK TABLES `colorings` WRITE;
/*!40000 ALTER TABLE `colorings` DISABLE KEYS */;
INSERT INTO `colorings` VALUES ('monotone','','Monotone',1),('multicolour','','Multicolour',1);
/*!40000 ALTER TABLE `colorings` ENABLE KEYS */;
UNLOCK TABLES;

--
-- Table structure for table `techniques`
--

DROP TABLE IF EXISTS `techniques`;
/*!40101 SET @saved_cs_client     = @@character_set_client */;
/*!40101 SET character_set_client = utf8 */;
CREATE TABLE `techniques` (
  `slug` varchar(50) NOT NULL,
  `label_ja` varchar(100) NOT NULL,
  `label_en` varchar(100) NOT NULL,
  `sort_order` int(11) NOT NULL DEFAULT 0,
  `valid` tinyint(1) NOT NULL DEFAULT 1,
  PRIMARY KEY (`slug`)
) ENGINE=InnoDB DEFAULT CHARSET=utf8mb4 COLLATE=utf8mb4_unicode_ci;
/*!40101 SET character_set_client = @saved_cs_client */;

--
-- Dumping data for table `techniques`
--

LOCK TABLES `techniques` WRITE;
/*!40000 ALTER TABLE `techniques` DISABLE KEYS */;
INSERT INTO `techniques` VALUES ('nerikomi','','Nerikomi',1,1),('shinogi','','Shinogi',2,1),('tebinari','','Handbuilding',3,1);
/*!40000 ALTER TABLE `techniques` ENABLE KEYS */;
UNLOCK TABLES;

--
-- Table structure for table `updates`
--

DROP TABLE IF EXISTS `updates`;
/*!40101 SET @saved_cs_client     = @@character_set_client */;
/*!40101 SET character_set_client = utf8 */;
CREATE TABLE `updates` (
  `created_at` datetime NOT NULL DEFAULT current_timestamp(),
  `article` text NOT NULL,
  `valid` tinyint(1) NOT NULL DEFAULT 1,
  PRIMARY KEY (`created_at`)
) ENGINE=InnoDB DEFAULT CHARSET=utf8mb4 COLLATE=utf8mb4_unicode_ci;
/*!40101 SET character_set_client = @saved_cs_client */;

--
-- Dumping data for table `updates`
--

LOCK TABLES `updates` WRITE;
/*!40000 ALTER TABLE `updates` DISABLE KEYS */;
INSERT INTO `updates` VALUES ('2025-09-24 22:33:35','',1),('2025-09-24 22:34:42','',1),('2025-10-15 15:15:32','',1),('2025-10-16 03:19:50','',1),('2025-10-20 11:03:33','12',1);
/*!40000 ALTER TABLE `updates` ENABLE KEYS */;
UNLOCK TABLES;
/*!40103 SET TIME_ZONE=@OLD_TIME_ZONE */;

/*!40101 SET SQL_MODE=@OLD_SQL_MODE */;
/*!40014 SET FOREIGN_KEY_CHECKS=@OLD_FOREIGN_KEY_CHECKS */;
/*!40014 SET UNIQUE_CHECKS=@OLD_UNIQUE_CHECKS */;
/*!40101 SET CHARACTER_SET_CLIENT=@OLD_CHARACTER_SET_CLIENT */;
/*!40101 SET CHARACTER_SET_RESULTS=@OLD_CHARACTER_SET_RESULTS */;
/*!40101 SET COLLATION_CONNECTION=@OLD_COLLATION_CONNECTION */;
/*!40111 SET SQL_NOTES=@OLD_SQL_NOTES */;

-- Dump completed on 2025-10-25 17:52:58
